user_id,first_name,last_name,username,email,password,gender
1,Arden,Solan,asolan0,asolan0@reverbnation.com,nE8(/J<`D,Female
2,Nikolas,Scryne,nscryne1,nscryne1@reverbnation.com,"mT1,pJRA",Male
3,Emlen,Ainscow,eainscow2,eainscow2@mysql.com,gJ0!9w0+5W,Male
4,Chandal,Kinder,ckinder3,ckinder3@privacy.gov.au,hA6={.T>!,Female
5,Othello,Wolfenden,owolfenden4,owolfenden4@soup.io,yC6}S+rO\,Male
6,Glynda,Lammerding,glammerding5,glammerding5@blogger.com,"aO9&gsx5Bd*J,iX",Female
7,Colet,Castagnier,ccastagnier6,ccastagnier6@angelfire.com,bY6`iG4nMLWnN,Male
8,Iver,Burriss,iburriss7,iburriss7@washington.edu,oF6+*3r~zt'2F,Male
9,Richard,Filoniere,rfiloniere8,rfiloniere8@prweb.com,qR0%`.%Qk%OBHg<,Male
10,De witt,Brocklesby,dbrocklesby9,dbrocklesby9@mac.com,tV7.cfZ`?sH7,Male
11,Rhianna,Sollam,rsollama,rsollama@fema.gov,eX6@aAdJ0tA_,Female
12,Niki,Gallacher,ngallacherb,ngallacherb@google.com,"fN5**@U'21""(WH",Female
13,Hazlett,Besnard,hbesnardc,hbesnardc@stanford.edu,"jX4#<""e)my3/pN",Male
14,Eziechiele,Meriott,emeriottd,emeriottd@hud.gov,wH7<J1b1cPuD,Male
15,Tiffi,Taye,ttayee,ttayee@upenn.edu,tO9'aAi4sM,Female
16,Babbie,Guppy,bguppyf,bguppyf@tuttocitta.it,uT9>~T6VK}JlHzM,Female
17,Ker,Cottier,kcottierg,kcottierg@upenn.edu,aI5@_?B<?9D?5=A,Male
18,Jared,Beyn,jbeynh,jbeynh@apache.org,cX7/X@?U&\_b%,Male
19,Garvy,Paffett,gpaffetti,gpaffetti@umich.edu,"vI5#h,iY",Male
20,Bartholomeo,Dewsnap,bdewsnapj,bdewsnapj@nih.gov,wY4+>ur)hjx4,Male
21,Amie,Wickson,awicksonk,awicksonk@hibu.com,"yQ1{8B{8KP""4C4",Female
22,Halsey,Lecordier,hlecordierl,hlecordierl@e-recht24.de,gD3`!xIfR>h%2F'X,Male
23,Orren,Lavall,olavallm,olavallm@archive.org,wD1=BAV_U,Male
24,Mariam,Swaden,mswadenn,mswadenn@zdnet.com,yI0`~NT7Vj,Female
25,Anna,Colombier,acolombiero,acolombiero@shutterfly.com,bX5.(06>,Female
26,Timmie,Docherty,tdochertyp,tdochertyp@shinystat.com,oR8'67L_#KL,Male
27,Erin,Pimmocke,epimmockeq,epimmockeq@cnet.com,eI8>Z3wD,Male
28,Vally,Tooker,vtookerr,vtookerr@soundcloud.com,fR9(t\Ro`|bt,Female
29,Kit,Hearne,khearnes,khearnes@elegantthemes.com,iP5*.g&m$,Female
30,Jeane,Grzegorczyk,jgrzegorczykt,jgrzegorczykt@ustream.tv,oF2=0u|r,Female
31,Herta,Legging,hleggingu,hleggingu@abc.net.au,"kC2(n7=_j=+,v.",Female
32,Vern,Prickett,vprickettv,vprickettv@cnet.com,gY9~6ONi,Male
33,Kiel,Gymlett,kgymlettw,kgymlettw@fastcompany.com,cC4%8u%fMNmGHkys,Male
34,Randene,Nickell,rnickellx,rnickellx@illinois.edu,sK6}k=dP49E*,Female
35,Farlee,De Moreno,fdemorenoy,fdemorenoy@engadget.com,zU9%ySJlC0N_gMtd,Male
36,Venita,McGiveen,vmcgiveenz,vmcgiveenz@lycos.com,zD0<4Uv@Z,Female
37,Elset,Brenton,ebrenton10,ebrenton10@indiegogo.com,hT2}LyeNN%27o,Female
38,Caddric,Ibbetson,cibbetson11,cibbetson11@dmoz.org,vX1@=b7T%I,Polygender
39,Cammy,Veltman,cveltman12,cveltman12@epa.gov,"oF4@sMT$to2j#""",Male
40,Eleonora,Heinreich,eheinreich13,eheinreich13@friendfeed.com,aD8{@ph>9cqf)HO7,Genderqueer
41,Andree,Vasilkov,avasilkov14,avasilkov14@youku.com,"kG0_UHe""r#!Q",Female
42,Saundra,Llewhellin,sllewhellin15,sllewhellin15@huffingtonpost.com,cV5@NAN+z,Female
43,Marja,Endrizzi,mendrizzi16,mendrizzi16@blinklist.com,rO4@{T(&C6TL<b,Female
44,Delly,Lamprey,dlamprey17,dlamprey17@noaa.gov,xO9@#z*+tZT,Female
45,Nels,Blenkinsop,nblenkinsop18,nblenkinsop18@wordpress.org,yV8%*v(y,Polygender
46,Viki,Allewell,vallewell19,vallewell19@stanford.edu,wR1.z3pY6f1a,Female
47,Ruby,Caddies,rcaddies1a,rcaddies1a@myspace.com,iM2+|A0D,Female
48,Virgina,Mincher,vmincher1b,vmincher1b@reverbnation.com,"qP2~H9_+,'q<n",Agender
49,Brody,Tideswell,btideswell1c,btideswell1c@wikimedia.org,fU8>e%3Ao4,Male
50,Lindi,Rawlings,lrawlings1d,lrawlings1d@eventbrite.com,sK4=D1>t',Polygender
51,Deana,Airs,dairs1e,dairs1e@wunderground.com,yA8\fxV}H6E,Female
52,Gabriella,Gouldbourn,ggouldbourn1f,ggouldbourn1f@ca.gov,"jQ2*""w'""",Female
53,Louis,Mellem,lmellem1g,lmellem1g@desdev.cn,wF1@d%%/#muI$,Male
54,Louisette,Yorkston,lyorkston1h,lyorkston1h@xrea.com,"pR6>>ur_dSg}e~|,",Female
55,Adrianna,Baldry,abaldry1i,abaldry1i@nydailynews.com,"oI3,R#UMrP6V",Female
56,Raychel,Balling,rballing1j,rballing1j@npr.org,fG5@c`2\AxUvQY.9,Female
57,Steffi,Huckell,shuckell1k,shuckell1k@nbcnews.com,fJ8|9b@A,Female
58,Roch,Cullimore,rcullimore1l,rcullimore1l@alexa.com,zH6`VhX_<@nf#%3,Female
59,Faunie,Treanor,ftreanor1m,ftreanor1m@a8.net,"eV1""8sR8R6",Female
60,Mellicent,Marflitt,mmarflitt1n,mmarflitt1n@altervista.org,"lG1,&Y,lF",Female
61,Venus,Hillaby,vhillaby1o,vhillaby1o@netlog.com,wT4_59Ju<FvU,Female
62,Ahmad,Whisker,awhisker1p,awhisker1p@stumbleupon.com,yQ6~ZrXG,Male
63,Hamil,Haggarty,hhaggarty1q,hhaggarty1q@auda.org.au,"qT0""d0T/tf5)cz/",Male
64,Matti,Brunsden,mbrunsden1r,mbrunsden1r@netvibes.com,gN6/X<BA)T,Female
65,Artur,Longman,alongman1s,alongman1s@google.de,"aR4}e$,}_tPS`Aev",Male
66,Aggy,Heskin,aheskin1t,aheskin1t@hatena.ne.jp,iP8+6Gq'BU#b$ij_,Bigender
67,Vite,Way,vway1u,vway1u@google.pl,wV7@rLvpy?,Male
68,Cesar,Hatherall,chatherall1v,chatherall1v@deviantart.com,"hK5/,b2I=OKG",Male
69,Reggi,MacCombe,rmaccombe1w,rmaccombe1w@sciencedaily.com,jL2=t+Ex*P1p,Female
70,Raff,Spencock,rspencock1x,rspencock1x@google.co.uk,"nF7&Rp,J5V",Male
71,Bibbye,Raccio,braccio1y,braccio1y@telegraph.co.uk,dJ3(1!$L}.|nll,Female
72,Levy,Robers,lrobers1z,lrobers1z@xing.com,rF4<BQSNb?,Male
73,Ginelle,Mossdale,gmossdale20,gmossdale20@auda.org.au,rJ8#UaXm,Female
74,Lucille,Loughlan,lloughlan21,lloughlan21@scribd.com,nP6\_ve(,Genderfluid
75,Michail,Snar,msnar22,msnar22@dyndns.org,uW8&QyZI,Male
76,Gale,Perrigo,gperrigo23,gperrigo23@github.io,cE4@XflDk4\@,Female
77,Alexandr,Fraine,afraine24,afraine24@plala.or.jp,iA6?}XC?AVspz>'d,Male
78,Zondra,Drinkall,zdrinkall25,zdrinkall25@jimdo.com,sL8>f7*k3e,Female
79,Carolann,Skamell,cskamell26,cskamell26@ucla.edu,cV8#yb5.Ow}tJ2D,Female
80,Perren,Novakovic,pnovakovic27,pnovakovic27@bizjournals.com,"qR6,{BRD/m@O%vPK",Male
81,Cary,O'Farris,cofarris28,cofarris28@trellian.com,dC8/w1xu(EN,Female
82,Sherry,Amer,samer29,samer29@deliciousdays.com,pC0$a5R}bR@Ipa,Female
83,Kathe,Kirsopp,kkirsopp2a,kkirsopp2a@ed.gov,bV2*4v8aC>,Female
84,Rahel,Coppo,rcoppo2b,rcoppo2b@rediff.com,jU9).U<~_,Female
85,Ana,Cookney,acookney2c,acookney2c@prnewswire.com,jL9*Zu#5R>{3*J,Female
86,Gottfried,Antalffy,gantalffy2d,gantalffy2d@eventbrite.com,uZ8<R/Cmy,Male
87,Ingra,Clerc,iclerc2e,iclerc2e@ocn.ne.jp,vQ6`{Xcz8aQrq)\,Male
88,Art,Jillis,ajillis2f,ajillis2f@ihg.com,eZ6?w#2xP~{\,Male
89,Cher,Frango,cfrango2g,cfrango2g@sciencedirect.com,"sP3=y'5p*)h,k",Female
90,Hamid,Spollen,hspollen2h,hspollen2h@wiley.com,bZ0*R%9YN,Male
91,Diarmid,MacDonough,dmacdonough2i,dmacdonough2i@edublogs.org,gZ7*2%IAfzul',Male
92,Malachi,Toler,mtoler2j,mtoler2j@netscape.com,"mE4""wkq,",Male
93,Wally,Kimmel,wkimmel2k,wkimmel2k@dot.gov,"kQ5',nmUL{W?c",Male
94,Renaldo,Saxby,rsaxby2l,rsaxby2l@apple.com,"uU4,D7m8fM4N_B",Male
95,Heath,Shurmer,hshurmer2m,hshurmer2m@statcounter.com,yB8~)v))*,Non-binary
96,Elyssa,Willatt,ewillatt2n,ewillatt2n@newyorker.com,rX7'_pt)3,Female
97,Deanna,Yeates,dyeates2o,dyeates2o@globo.com,fM4%aSlHa6.t+4x,Female
98,Ronda,Seydlitz,rseydlitz2p,rseydlitz2p@twitter.com,"uJ9""v,oc.$fM?U,",Female
99,Ingunna,Artz,iartz2q,iartz2q@bigcartel.com,nX2&Rc63b*Zyfo#,Female
100,Giles,Cullimore,gcullimore2r,gcullimore2r@reuters.com,eW0#Nil/siW=DO,Male
101,Gerti,Adamik,gadamik2s,gadamik2s@marketwatch.com,wL6?UhKI,Female
102,Sheree,Neesham,sneesham2t,sneesham2t@360.cn,iQ3~xaY>O)c,Female
103,Thurston,Gaule,tgaule2u,tgaule2u@yelp.com,wN9.T2NZw~,Male
104,Cissy,Gunner,cgunner2v,cgunner2v@blog.com,hO7%T+Ax{_2z,Female
105,Addy,Baxendale,abaxendale2w,abaxendale2w@usatoday.com,bI4?PlOlNG{JB,Male
106,Mellie,Brymham,mbrymham2x,mbrymham2x@va.gov,iS3)qQy\LkM,Female
107,Catina,Armall,carmall2y,carmall2y@economist.com,zP6|h#H$4H(HN1,Genderfluid
108,Emelda,Verman,everman2z,everman2z@miibeian.gov.cn,"gY1(@wge$|E3,",Female
109,Reuben,Chumley,rchumley30,rchumley30@jigsy.com,oN8$FDbbV,Male
110,Adair,Cranham,acranham31,acranham31@washington.edu,jD0'ZkVf4u=a8LY,Male
111,Noni,Dagnall,ndagnall32,ndagnall32@hibu.com,jR2?M(g+d9,Female
112,Guillermo,Mouth,gmouth33,gmouth33@skyrock.com,mT6<v2G6@,Male
113,Wakefield,Tedder,wtedder34,wtedder34@ca.gov,hR7+ecHg>GA,Male
114,Allyson,Corps,acorps35,acorps35@etsy.com,vP1)eT9b|o,Female
115,Ileana,Brewett,ibrewett36,ibrewett36@globo.com,sB7@%5V)u./?xN,Female
116,Ruby,Lightman,rlightman37,rlightman37@spiegel.de,nL9~8ad=WibwDx=C,Male
117,Regine,Adelsberg,radelsberg38,radelsberg38@tamu.edu,mP5{3jGF`5v=),Female
118,Vidovik,Kilfeder,vkilfeder39,vkilfeder39@youtube.com,"xL6{lpAi7<""B",Male
119,Edy,Mair,emair3a,emair3a@hatena.ne.jp,"yV0{{0b,P\`",Female
120,Marty,Parmer,mparmer3b,mparmer3b@about.com,qF3.2~<U0Cei%4,Female
121,Gussi,Horsley,ghorsley3c,ghorsley3c@opensource.org,bD6&7fub$U,Female
122,Skell,Hadwen,shadwen3d,shadwen3d@wunderground.com,mT6)dxY8Xk,Male
123,Amerigo,Chantree,achantree3e,achantree3e@cbsnews.com,"zT7_KAC6,z2",Male
124,Jenica,Glanton,jglanton3f,jglanton3f@un.org,cC5|Ml9c<,Female
125,Sterne,Halley,shalley3g,shalley3g@biblegateway.com,gF8)!'xp!1E$K,Male
126,Melonie,McLeish,mmcleish3h,mmcleish3h@soundcloud.com,zA5{U+3{Hk'pq!,Agender
127,Roda,Carlick,rcarlick3i,rcarlick3i@sphinn.com,lG3@jeMS,Female
128,Haze,Izak,hizak3j,hizak3j@economist.com,"rK1~SG,'iVXp",Male
129,Genvieve,Bansal,gbansal3k,gbansal3k@baidu.com,aP4#HI'NDtx>umfB,Female
130,Korey,Coote,kcoote3l,kcoote3l@bloomberg.com,uK5}AIR.FhBGY/\,Genderqueer
131,Sherman,Melody,smelody3m,smelody3m@sbwire.com,bS9!B/M*Tx9h!,Male
132,Mallory,Keene,mkeene3n,mkeene3n@usgs.gov,xU4~?g.aSE,Female
133,Lanny,Verrico,lverrico3o,lverrico3o@kickstarter.com,"zW0!/f>A""",Polygender
134,Sarita,Mattersley,smattersley3p,smattersley3p@ycombinator.com,sP5~ZUx4,Female
135,Revkah,Bloxsome,rbloxsome3q,rbloxsome3q@moonfruit.com,zB6?r'#Ce+0Yn,Female
136,Lynnea,Storm,lstorm3r,lstorm3r@princeton.edu,aV6*Kh'!jX,Female
137,Gradeigh,Norcliff,gnorcliff3s,gnorcliff3s@a8.net,hD8$1_SD,Male
138,Rhetta,Furminger,rfurminger3t,rfurminger3t@bbc.co.uk,tW4`&RKD93.e@@,Female
139,Denis,Houchen,dhouchen3u,dhouchen3u@jalbum.net,oN5)kZoB/J,Male
140,Brittani,Povall,bpovall3v,bpovall3v@qq.com,lR4}1&/B(qFgD5,Female
141,Blake,Ruger,bruger3w,bruger3w@netscape.com,uN0/Q1aL'2(4B_Z#,Male
142,Blake,Fontenot,bfontenot3x,bfontenot3x@ehow.com,vU1{4I~C\Oozz0),Female
143,Arluene,Wartnaby,awartnaby3y,awartnaby3y@chicagotribune.com,yB2.#REl9u=AgK4S,Female
144,Fremont,Bromilow,fbromilow3z,fbromilow3z@jalbum.net,"kT2}B<{,NQmD~`)a",Male
145,Burgess,Gathwaite,bgathwaite40,bgathwaite40@naver.com,zZ4\2YnCyq>#5B/+,Male
146,Darcey,Worvell,dworvell41,dworvell41@exblog.jp,yN7(@9K'a#sC5{bJ,Bigender
147,Alwyn,Halpeine,ahalpeine42,ahalpeine42@europa.eu,zE9`&)<3_q$EU},Male
148,Audrye,Wahlberg,awahlberg43,awahlberg43@google.pl,oV7|{B|o+m_a3C,Female
149,Mano,Roads,mroads44,mroads44@hp.com,yB4}s?8A!W8KK(,Male
150,Rebeka,Basnett,rbasnett45,rbasnett45@eventbrite.com,yU1+661&PfBII),Female
151,Rabbi,Goodright,rgoodright46,rgoodright46@surveymonkey.com,rQ1}4Q&{p&Uu+\}0,Male
152,Valentia,Mollindinia,vmollindinia47,vmollindinia47@theguardian.com,"eZ2""`lyZn@5a\Y*",Female
153,Mozelle,Lang,mlang48,mlang48@blogger.com,xL7|uybi,Female
154,Margarita,Burnyate,mburnyate49,mburnyate49@guardian.co.uk,qX6+5mCc/,Female
155,Devi,Ayliff,dayliff4a,dayliff4a@ning.com,dT1/k!4d,Female
156,Packston,Kyberd,pkyberd4b,pkyberd4b@narod.ru,vV8%!OW\,Male
157,Dar,Charlesworth,dcharlesworth4c,dcharlesworth4c@amazon.co.jp,rY5~ePF`$Mn,Male
158,Lainey,O'Hone,lohone4d,lohone4d@xing.com,"qY0""&t1""",Female
159,Devora,Crosher,dcrosher4e,dcrosher4e@miibeian.gov.cn,nI9<wfM0%,Female
160,Natalina,Schowenburg,nschowenburg4f,nschowenburg4f@over-blog.com,"bP9}Z=,}\=",Female
161,Kial,Husbands,khusbands4g,khusbands4g@alexa.com,bH0$iQ<B~pI,Female
162,Patten,De Filippis,pdefilippis4h,pdefilippis4h@xinhuanet.com,nD1~%Dc7>R>MvZ,Male
163,Park,Shirley,pshirley4i,pshirley4i@posterous.com,dG9<Yt&D,Bigender
164,Cristen,Ballsdon,cballsdon4j,cballsdon4j@51.la,iX4~m%ss'3,Female
165,Arte,Philpott,aphilpott4k,aphilpott4k@quantcast.com,cJ8%wh@8M*`tG,Male
166,Misti,Mayho,mmayho4l,mmayho4l@meetup.com,uH0?ca4iV,Female
167,Eunice,Lashmar,elashmar4m,elashmar4m@salon.com,nA7|3$wiE|~,Genderqueer
168,Vera,Albers,valbers4n,valbers4n@boston.com,xA0)40V2LSEjOC%,Female
169,Friederike,Sparsholt,fsparsholt4o,fsparsholt4o@biglobe.ne.jp,lZ0._Vja,Polygender
170,Berkly,Hudson,bhudson4p,bhudson4p@eventbrite.com,"dY7'zph""S}kv",Male
171,Grace,Laxon,glaxon4q,glaxon4q@wired.com,"oO4|yLMZ6,",Male
172,Rogerio,Killiner,rkilliner4r,rkilliner4r@seesaa.net,oM1\G~n>?PDfu*_,Male
173,Fanchon,Kempster,fkempster4s,fkempster4s@cbc.ca,"qX2,0+,\{DN{x/YL",Female
174,Bruis,Tomlinson,btomlinson4t,btomlinson4t@google.cn,tA7&+_'~,Male
175,Cris,Odby,codby4u,codby4u@tinyurl.com,"oI0)6t__v}""}",Female
176,Layne,Foskett,lfoskett4v,lfoskett4v@lulu.com,"sS5{7,S\K6TiZQfP",Female
177,Barn,Syphas,bsyphas4w,bsyphas4w@omniture.com,lY4\xrN0J!pb),Male
178,Raleigh,Scuffham,rscuffham4x,rscuffham4x@aboutads.info,jQ6@cZl<,Male
179,Marlie,O'Connor,moconnor4y,moconnor4y@statcounter.com,jU4{gfeP#$}*~,Female
180,Marya,Reisin,mreisin4z,mreisin4z@example.com,"wC3\""{M)y(mVTc{_",Female
181,Cornelius,Josey,cjosey50,cjosey50@flavors.me,lO2%}MQ/Yo0,Male
182,Carrie,Beckley,cbeckley51,cbeckley51@wikimedia.org,jY0&c)!E=,Female
183,Selene,Buffin,sbuffin52,sbuffin52@lulu.com,tB3@+RpXk(p=u#%,Female
184,Estelle,Nickless,enickless53,enickless53@simplemachines.org,mT8(37*<K,Genderfluid
185,Wilt,Spincks,wspincks54,wspincks54@digg.com,"rA9>&oH@g,""",Male
186,Farlie,Scranny,fscranny55,fscranny55@earthlink.net,"vN2,RfN{bx!LC",Male
187,Nial,Scad,nscad56,nscad56@blogspot.com,iD5'#%cb,Male
188,Betsy,O'Nion,bonion57,bonion57@abc.net.au,"zQ8)3C,k8V0z",Female
189,Osbourne,Carff,ocarff58,ocarff58@ameblo.jp,vB8}fRCDMx&#2=I,Male
190,Holly-anne,Ollington,hollington59,hollington59@archive.org,xA0<)W!h|,Female
191,Tobiah,Ludlamme,tludlamme5a,tludlamme5a@oaic.gov.au,cD5_bZa@,Male
192,Hal,Sayles,hsayles5b,hsayles5b@tinypic.com,dX6/VCn+U/T5`j&,Male
193,Elisabeth,Chrystal,echrystal5c,echrystal5c@accuweather.com,zC6$S|qW4,Female
194,Edith,Arthars,earthars5d,earthars5d@tinyurl.com,tD6*4}cV#u.o=XK(,Female
195,Elisha,Cuthill,ecuthill5e,ecuthill5e@cpanel.net,lT2_9vvVUQyY6,Female
196,Marinna,Caller,mcaller5f,mcaller5f@marriott.com,wH0#Y|.cExP?s1,Female
197,Guthrey,Tarquini,gtarquini5g,gtarquini5g@patch.com,eW8@?cAZHoUp|t*,Male
198,Spense,Treagus,streagus5h,streagus5h@msn.com,dY2&|3&8D|F,Non-binary
199,Daryl,Welberry,dwelberry5i,dwelberry5i@intel.com,eE2'3{mT9)@fT,Male
200,Tallou,Vinten,tvinten5j,tvinten5j@printfriendly.com,"nE9@F#Gu/""6r",Female
201,Ive,Benninck,ibenninck5k,ibenninck5k@diigo.com,"lH2.V|CW.,<",Male
202,Shurlocke,Punton,spunton5l,spunton5l@devhub.com,sR1&7%YWG'C,Male
203,Ursa,Imison,uimison5m,uimison5m@ihg.com,fK5~+y}tKeR.,Non-binary
204,Ignatius,Horley,ihorley5n,ihorley5n@dailymotion.com,cH8|J/bGr,Male
205,Sorcha,Rowatt,srowatt5o,srowatt5o@china.com.cn,dC5*O2SuQ5Cs,Female
206,Clint,Mobley,cmobley5p,cmobley5p@bbc.co.uk,qC5?OHuv,Male
207,Dulcy,Bisley,dbisley5q,dbisley5q@naver.com,"gD9,z'|%boWtxE|s",Female
208,Leandra,Gadault,lgadault5r,lgadault5r@csmonitor.com,iZ6}frU8*,Female
209,Papageno,Japp,pjapp5s,pjapp5s@hhs.gov,dE5}g3smoV/,Male
210,Gelya,Dowty,gdowty5t,gdowty5t@apple.com,eQ0\#3\\7@hf,Female
211,Corbie,Rattrie,crattrie5u,crattrie5u@uol.com.br,cJ0_'sm@MI<r@,Male
212,Loydie,Gillman,lgillman5v,lgillman5v@umich.edu,"bL0@Y"")'V$2WJ",Male
213,Patty,Edgcumbe,pedgcumbe5w,pedgcumbe5w@senate.gov,aM5&'gP5c,Male
214,Agnes,Grimbaldeston,agrimbaldeston5x,agrimbaldeston5x@about.com,sZ1)LLv'>FO,Female
215,Ree,Barrick,rbarrick5y,rbarrick5y@ed.gov,jT7+)A4d,Female
216,Sydney,Bedward,sbedward5z,sbedward5z@live.com,rR2+4eR.bYeK0),Male
217,Meier,Barabich,mbarabich60,mbarabich60@ameblo.jp,"yH1,{P7tVHne",Genderqueer
218,Wilt,Stive,wstive61,wstive61@soup.io,gG6<QRwsW>Tl,Male
219,Latisha,Ciccottio,lciccottio62,lciccottio62@thetimes.co.uk,sZ2*pyC\\fA.z,Female
220,Adolf,Dunlop,adunlop63,adunlop63@tuttocitta.it,gO2}dnQWX,Male
221,Read,Covely,rcovely64,rcovely64@cloudflare.com,qJ4`z>}{xC0wN,Male
222,Nicolis,Probetts,nprobetts65,nprobetts65@businesswire.com,iZ4>*y!|C_E,Male
223,Waly,Roch,wroch66,wroch66@un.org,"lT3}Thr,",Female
224,Kermie,Dufaire,kdufaire67,kdufaire67@fc2.com,zO4\zvCG8V,Male
225,Ruben,Anyon,ranyon68,ranyon68@merriam-webster.com,cM6#of&M,Male
226,Hewett,Worwood,hworwood69,hworwood69@state.gov,uP2{D2S_0.N1&T4,Male
227,Rayner,Tschirschky,rtschirschky6a,rtschirschky6a@tiny.cc,wF3'o/Q}|R1q~,Male
228,Aliza,Haynesford,ahaynesford6b,ahaynesford6b@lycos.com,vX2..St#EcHKO,Female
229,Ellary,Fogt,efogt6c,efogt6c@is.gd,fT6@.D5obg@iYw3',Male
230,Lorita,Gilcrist,lgilcrist6d,lgilcrist6d@t-online.de,jL8>snSxgk,Female
231,Elly,Grinnell,egrinnell6e,egrinnell6e@furl.net,iN2%*F}B41m3K+&5,Polygender
232,Gunther,Kobpac,gkobpac6f,gkobpac6f@technorati.com,iK8$LDu'XYBM,Male
233,Ado,Cremer,acremer6g,acremer6g@salon.com,aD1'9DjZI,Male
234,Orlan,Fishbie,ofishbie6h,ofishbie6h@github.io,qJ7>j$9w2Em,Male
235,Hy,Kingswood,hkingswood6i,hkingswood6i@netlog.com,hS8'Y4zVZriyFcg,Male
236,Ruby,Slegg,rslegg6j,rslegg6j@nydailynews.com,"hJ9?#b0JlHG""5",Male
237,Gigi,Kerwen,gkerwen6k,gkerwen6k@moonfruit.com,vE8\5rd}5E\,Female
238,Derek,Calbrathe,dcalbrathe6l,dcalbrathe6l@etsy.com,lJ2!`uNaInDzO,Male
239,Chloe,McGhie,cmcghie6m,cmcghie6m@opensource.org,jD9(s1o?,Female
240,Van,Soall,vsoall6n,vsoall6n@jiathis.com,dE5}IL=?HcV}ao,Male
241,Odele,Maciaszek,omaciaszek6o,omaciaszek6o@go.com,zM6|Ie'acCO%6,Female
242,Blisse,Amsberger,bamsberger6p,bamsberger6p@unc.edu,"uF5_E's,|8+x0B",Female
243,Madelene,Chesnut,mchesnut6q,mchesnut6q@tuttocitta.it,uY1=a~/>ft,Female
244,Tammi,Lympany,tlympany6r,tlympany6r@rambler.ru,cR8}<3~+,Female
245,Alic,Blabey,ablabey6s,ablabey6s@statcounter.com,wB4}#uqDN|=6r&hz,Male
246,Claudelle,Zannuto,czannuto6t,czannuto6t@pinterest.com,"gF0/j,+MV)v",Female
247,Billye,McDonogh,bmcdonogh6u,bmcdonogh6u@npr.org,sX8#Sr}#pD,Female
248,Allan,Stanett,astanett6v,astanett6v@bloglovin.com,sN8?Y?)hAiZL$,Male
249,Delcina,Doulton,ddoulton6w,ddoulton6w@cocolog-nifty.com,lU0_w8|.VP0L%i5W,Female
250,Trever,Northen,tnorthen6x,tnorthen6x@samsung.com,jQ1*b~Zmw\l/}TT,Male
251,Elsworth,Waller,ewaller6y,ewaller6y@ca.gov,"vK8(j2~,H%",Male
252,Odell,Cursons,ocursons6z,ocursons6z@rediff.com,"xI9*Y.<,eCOPS{",Male
253,Babara,Tousey,btousey70,btousey70@hc360.com,uI1$!(/_N!r,Female
254,Ofelia,Copozio,ocopozio71,ocopozio71@sun.com,tY5%fo>g,Female
255,Jonathan,Bernette,jbernette72,jbernette72@github.io,"gN8=!2\u'$q)n""6",Male
256,Hetti,Linklater,hlinklater73,hlinklater73@ezinearticles.com,kF0(K&{C7&kb,Female
257,Noll,Dyott,ndyott74,ndyott74@xinhuanet.com,"yO4'CGXYG`X""",Male
258,Myron,Cartledge,mcartledge75,mcartledge75@google.com.hk,"fT7""AbIL&cP7rXAJ",Genderqueer
259,Carine,Ramberg,cramberg76,cramberg76@loc.gov,kC8<h~}B6,Female
260,Becky,Pepis,bpepis77,bpepis77@shareasale.com,kL2_enS#C9d%P7,Female
261,Saunder,Rucklesse,srucklesse78,srucklesse78@intel.com,bM3$J|./FR`n,Male
262,Guillemette,Luckwell,gluckwell79,gluckwell79@oaic.gov.au,nT9#M`SX>,Female
263,Cherrita,Ivey,civey7a,civey7a@nymag.com,"aL9""q&3NCi",Female
264,Karna,Fairy,kfairy7b,kfairy7b@dyndns.org,"qU8$>,3hW1TZ1_Il",Female
265,Gunther,Brilon,gbrilon7c,gbrilon7c@cmu.edu,qQ0@=DxDxBSAiUMy,Male
266,Anabel,Cartmer,acartmer7d,acartmer7d@google.es,qD5+AqM)1,Female
267,Benjamen,Aime,baime7e,baime7e@dagondesign.com,qB3`bG_xrd{#k<,Male
268,Thaddeus,Billson,tbillson7f,tbillson7f@nyu.edu,wE8%%x#~w!({uY%g,Male
269,Heath,Ledner,hledner7g,hledner7g@salon.com,vU1%T'7nrgHfK@r,Female
270,Corliss,Marcroft,cmarcroft7h,cmarcroft7h@1und1.de,lY8&5C<)TwL,Female
271,Nataline,Kelcher,nkelcher7i,nkelcher7i@wordpress.org,jD1*mm~W{)|,Female
272,Cart,Berndsen,cberndsen7j,cberndsen7j@devhub.com,"nC5!6.~YbdP)""qML",Male
273,Tanya,Pendry,tpendry7k,tpendry7k@blog.com,"oG8""+kQEzD'",Bigender
274,Amie,Stepney,astepney7l,astepney7l@wikispaces.com,sR5>cnS0eWsU,Female
275,Mata,Eagles,meagles7m,meagles7m@marriott.com,wL1_Svb$>/H,Male
276,Brandais,Bridgwater,bbridgwater7n,bbridgwater7n@g.co,eB3.~|rc/.gxT~,Female
277,Boyd,Withinshaw,bwithinshaw7o,bwithinshaw7o@washingtonpost.com,"qF3*,QAgrl6p@~K}",Male
278,Sisely,Lahrs,slahrs7p,slahrs7p@about.com,oC8%#h3HS|m8j|v,Female
279,Rikki,Moen,rmoen7q,rmoen7q@livejournal.com,pM2~HB{d,Genderqueer
280,Samson,Benditt,sbenditt7r,sbenditt7r@google.com,sN6~EsnL,Male
281,Tilly,Mackney,tmackney7s,tmackney7s@si.edu,bG3$m12$W{,Female
282,Linn,Hourigan,lhourigan7t,lhourigan7t@naver.com,"bG9#U,qjRgr",Bigender
283,Gabie,Daouse,gdaouse7u,gdaouse7u@npr.org,fR9/ugz=s#,Female
284,Jory,Hollingdale,jhollingdale7v,jhollingdale7v@cyberchimps.com,"sW7)iP}9S""FK~",Male
285,Corissa,Grisewood,cgrisewood7w,cgrisewood7w@ehow.com,dB5/@*>=tjP,Female
286,Ilene,Teenan,iteenan7x,iteenan7x@zdnet.com,zE8$qWOF,Female
287,Olva,Glossop,oglossop7y,oglossop7y@nature.com,tS0.\&YAeZP),Female
288,Zia,Vakhonin,zvakhonin7z,zvakhonin7z@discuz.net,uP4!{vIdJ,Female
289,Shermie,Birdwistle,sbirdwistle80,sbirdwistle80@bluehost.com,qB7~z)AD95+qNAU_,Male
290,Dunn,Moncreif,dmoncreif81,dmoncreif81@deliciousdays.com,"mS8*#DTG(,UAFv",Bigender
291,Roxie,Wailes,rwailes82,rwailes82@gizmodo.com,nX4{3%XmqKV)e,Female
292,Hally,McLemon,hmclemon83,hmclemon83@bbb.org,tP8%C2>p*`6,Female
293,Loria,Gossling,lgossling84,lgossling84@hhs.gov,xI1'u0B1eln|,Female
294,Archy,Elegood,aelegood85,aelegood85@aboutads.info,dY3.gaMzW|J&,Male
295,Arte,Franz-Schoninger,afranzschoninger86,afranzschoninger86@pinterest.com,"bK1&y""k6Z",Male
296,Nicko,Purser,npurser87,npurser87@opensource.org,"hE0,9kj&QRT~w5",Male
297,Kirk,Rash,krash88,krash88@mozilla.com,hU9._&GHi_,Male
298,Beatrisa,Davio,bdavio89,bdavio89@over-blog.com,"mI6&M@R0$,K_s8",Female
299,Stephi,Goulstone,sgoulstone8a,sgoulstone8a@artisteer.com,"qN1?{,eXTLuP",Female
300,Yale,Woollons,ywoollons8b,ywoollons8b@hatena.ne.jp,"pX1_bu%3$,UiM>",Male
301,Alane,Romanetti,aromanetti8c,aromanetti8c@altervista.org,"bB6(&quv""sJ.",Female
302,Lorrin,Gilmore,lgilmore8d,lgilmore8d@gmpg.org,yU2&T}'9w,Female
303,Jacenta,Suttill,jsuttill8e,jsuttill8e@eventbrite.com,hA1$3g(d,Female
304,Belva,Cousin,bcousin8f,bcousin8f@github.io,gZ7{0G+=Lo#pU,Female
305,Bliss,Humbee,bhumbee8g,bhumbee8g@friendfeed.com,"cR1{QRP.Z,",Female
306,Pietro,Coplestone,pcoplestone8h,pcoplestone8h@constantcontact.com,dF5#s)g%,Male
307,Jemima,Figurski,jfigurski8i,jfigurski8i@comsenz.com,hG9}?0%D,Female
308,Saw,Grinyov,sgrinyov8j,sgrinyov8j@shinystat.com,aH3|NJ?Bn}31/~,Male
309,Patrice,Sibbering,psibbering8k,psibbering8k@craigslist.org,"oQ1,_\V2qIT+",Male
310,Allan,Deporte,adeporte8l,adeporte8l@baidu.com,rY3@ey+plS59k.,Male
311,Corbie,Messum,cmessum8m,cmessum8m@unicef.org,tV8<@@qq,Male
312,Dee,Garbutt,dgarbutt8n,dgarbutt8n@state.tx.us,"cC5$G0e,|#",Female
313,Antony,Janks,ajanks8o,ajanks8o@yahoo.com,fW1/M7gpkRjQp,Male
314,Caleb,Gaylard,cgaylard8p,cgaylard8p@springer.com,mC8>T.|X=q,Male
315,Elbertine,Palia,epalia8q,epalia8q@fotki.com,iZ4_RFwwB,Female
316,Francesco,Rebichon,frebichon8r,frebichon8r@nydailynews.com,wH8)$CpRo6>nkF,Male
317,Paddy,Reece,preece8s,preece8s@google.ru,wC5%MKhxL~_Q#~4,Male
318,Sasha,Riddiough,sriddiough8t,sriddiough8t@creativecommons.org,fC6{z9FIKc|,Female
319,Waldon,Keiling,wkeiling8u,wkeiling8u@gizmodo.com,"qW7{Qq7aB$Y_xx""s",Male
320,Harli,Ghent,hghent8v,hghent8v@drupal.org,nF3.W+!G_p,Non-binary
321,Alida,Bagge,abagge8w,abagge8w@sbwire.com,dZ0@1}bH{6,Non-binary
322,Beatriz,Beevens,bbeevens8x,bbeevens8x@salon.com,zS7~lbTLYquII@,Female
323,Leo,Stobie,lstobie8y,lstobie8y@nba.com,yS7>g7L.W#J|1,Male
324,Stearne,Connealy,sconnealy8z,sconnealy8z@marriott.com,nB0)}=Y+o9,Male
325,Allyn,Spiring,aspiring90,aspiring90@joomla.org,"aP4@aI""9",Female
326,Bryn,Mitkin,bmitkin91,bmitkin91@accuweather.com,zB3?sG6YrV,Male
327,Fifi,Cockburn,fcockburn92,fcockburn92@mediafire.com,oM2>8FU9,Female
328,Monte,Speenden,mspeenden93,mspeenden93@miitbeian.gov.cn,eC3?i'Ho,Male
329,Ambrosio,Francescone,afrancescone94,afrancescone94@cornell.edu,"kS6`PYw9T3v~k!<,",Male
330,Llywellyn,Rocco,lrocco95,lrocco95@ed.gov,lN4#S~U@,Male
331,Rori,Hanwell,rhanwell96,rhanwell96@alexa.com,lI6|/3!t,Female
332,Maurizia,Slaymaker,mslaymaker97,mslaymaker97@mtv.com,oF4.VF58%u!BrkNV,Female
333,Gabriele,Duckfield,gduckfield98,gduckfield98@si.edu,qD6<yQ7>AwB3a,Male
334,Charmaine,Truter,ctruter99,ctruter99@yandex.ru,"cP1,,\I`",Female
335,Darbie,Sutherington,dsutherington9a,dsutherington9a@yale.edu,tD9=Cv'<1p5~,Female
336,Emmet,Sancho,esancho9b,esancho9b@fc2.com,oM8'~q/>!,Non-binary
337,Valerye,Brokenshaw,vbrokenshaw9c,vbrokenshaw9c@dell.com,xH5<X6(nI,Female
338,Eudora,Coddrington,ecoddrington9d,ecoddrington9d@reddit.com,"tA7!,CFPiV`Xz",Agender
339,Trish,Skechley,tskechley9e,tskechley9e@redcross.org,aD4%##~mzG,Female
340,Glenn,Oven,goven9f,goven9f@cdbaby.com,pX2$WbIl$Q|=Fy,Male
341,Antone,McNeice,amcneice9g,amcneice9g@stanford.edu,"zO2,zbOE`",Male
342,Nydia,Hyder,nhyder9h,nhyder9h@theguardian.com,xL4*gOZjjoU,Female
343,Marjorie,Sherwood,msherwood9i,msherwood9i@cbslocal.com,sX1\{Aqk,Female
344,Junette,Hutcheons,jhutcheons9j,jhutcheons9j@ow.ly,iB4{F{RK,Genderfluid
345,Winn,Zannotelli,wzannotelli9k,wzannotelli9k@skype.com,lB0+.@0{2aABaG,Male
346,Dalston,Fishly,dfishly9l,dfishly9l@ox.ac.uk,vR6_V@oDK,Genderfluid
347,Saudra,McReynold,smcreynold9m,smcreynold9m@cornell.edu,uU6<eh8S*|lQscRD,Female
348,Mark,Giggs,mgiggs9n,mgiggs9n@fema.gov,eU6_`aV_$w_C,Male
349,Darin,Toffolini,dtoffolini9o,dtoffolini9o@imdb.com,pJ7!)H+A8`KF=1,Male
350,Melly,Speares,mspeares9p,mspeares9p@nasa.gov,"cV7,2.2}",Agender
351,Josi,Bouller,jbouller9q,jbouller9q@indiegogo.com,mX2%jv!hm&,Female
352,Fabian,Carlin,fcarlin9r,fcarlin9r@mysql.com,eL4=AI2XdvPI,Male
353,Darsey,Claire,dclaire9s,dclaire9s@hao123.com,cD9!gUpyOoP07$),Female
354,Linc,Morrieson,lmorrieson9t,lmorrieson9t@canalblog.com,tQ9.&7IKAXj,Bigender
355,Jermain,Treversh,jtreversh9u,jtreversh9u@github.com,lL1=~ecY}a{068,Male
356,Josephina,Olding,jolding9v,jolding9v@istockphoto.com,mW5)'9%!DDkj*,Female
357,Jermaine,Mattsson,jmattsson9w,jmattsson9w@who.int,fQ1`mH{|$X%,Female
358,Kelcy,Varney,kvarney9x,kvarney9x@epa.gov,lL2!fd*$06VT,Female
359,Orren,Tuny,otuny9y,otuny9y@behance.net,pM6.4h5.96Mn0%,Male
360,Reiko,Braunston,rbraunston9z,rbraunston9z@networkadvertising.org,tL5}GYRnT+Bm/,Female
361,Devlin,Ovell,dovella0,dovella0@latimes.com,uT8<oiZ+e89,Male
362,Kelley,Beaston,kbeastona1,kbeastona1@businessweek.com,rH8\}fx9,Genderfluid
363,Isidora,MacTrusty,imactrustya2,imactrustya2@liveinternet.ru,vJ7{.wYfe,Female
364,Keely,Simonsen,ksimonsena3,ksimonsena3@ehow.com,rU4(ko9`,Female
365,Nerti,D'eye,ndeyea4,ndeyea4@ucoz.ru,"wE8\`,f~AjAaGbAD",Female
366,Karmen,Kerfoot,kkerfoota5,kkerfoota5@sun.com,uU7\aYp4V6x46_,Female
367,Olivero,Amar,oamara6,oamara6@theglobeandmail.com,lA1~7%EXEtNXP`AN,Male
368,Idalia,McDonald,imcdonalda7,imcdonalda7@smugmug.com,eL6?*r@4lh@,Agender
369,Pansy,Pyper,ppypera8,ppypera8@com.com,"iR7>dZLN{$os,u'H",Non-binary
370,Othilie,Farryan,ofarryana9,ofarryana9@ow.ly,vS4@tK#ht%4#7}EP,Female
371,Adelle,Fishe,afisheaa,afisheaa@edublogs.org,bK6){BQs,Polygender
372,Freddie,Mulligan,fmulliganab,fmulliganab@aol.com,"xQ3,vM|p,H)",Male
373,Shurwood,Mc Meekan,smcmeekanac,smcmeekanac@taobao.com,bH5.#_G.(B,Male
374,Erminie,Fathers,efathersad,efathersad@sphinn.com,dQ4|dTZ#W!41.b,Female
375,Rozalie,Screeton,rscreetonae,rscreetonae@nyu.edu,qV4_dohgcLhd<z#I,Female
376,Harriet,Mersh,hmershaf,hmershaf@admin.ch,qI6|Z6=P/V,Female
377,Theadora,Bondley,tbondleyag,tbondleyag@exblog.jp,"bB7""s+QBq",Female
378,Myrle,Marlowe,mmarloweah,mmarloweah@tmall.com,jO6_%<m<,Female
379,Butch,Fagge,bfaggeai,bfaggeai@over-blog.com,uO0}Ldh06gz*,Male
380,Elva,Rendall,erendallaj,erendallaj@pinterest.com,rD0_FmM*R`3CdhW,Female
381,Sophronia,Cabena,scabenaak,scabenaak@sciencedirect.com,"uJ8%C,R`W{Z!PoD3",Female
382,Edee,Merritt,emerrittal,emerrittal@bloglovin.com,zM5_{&I'30U|IN$,Female
383,Herman,Olwen,holwenam,holwenam@howstuffworks.com,xM6``K{H,Male
384,Trenna,Gregon,tgregonan,tgregonan@nationalgeographic.com,qX3?.RLH,Female
385,Aline,Gorke,agorkeao,agorkeao@exblog.jp,"eS9|pQnfg""UdtWy",Female
386,Gerek,Marchent,gmarchentap,gmarchentap@i2i.jp,zV0_\On&.ZECBhoA,Male
387,Rollin,Tithecott,rtithecottaq,rtithecottaq@sun.com,mS7~&ID>kb*Cvv,Male
388,Alwyn,Polye,apolyear,apolyear@canalblog.com,"rS0""Nm3JV=}G",Male
389,Raimund,Wones,rwonesas,rwonesas@arizona.edu,qT0_E_%TO&}OojL,Male
390,Krishna,Stowers,kstowersat,kstowersat@bizjournals.com,rL2%9NY8XE,Male
391,Anton,Aughtie,aaughtieau,aaughtieau@symantec.com,dM6%c/Y0REy`fJ,Male
392,Gardie,Scramage,gscramageav,gscramageav@virginia.edu,"qB3_@Q9Z{_,&Z6C",Male
393,Margo,Armes,marmesaw,marmesaw@seesaa.net,qM1#$#M$y%s1l`!,Agender
394,Dalton,Kingsnode,dkingsnodeax,dkingsnodeax@ow.ly,"hY5,2VZoK4pk~",Male
395,Sigvard,Petracci,spetracciay,spetracciay@symantec.com,lN7_v@}(5,Male
396,Hazlett,Bodham,hbodhamaz,hbodhamaz@twitpic.com,yT6&ES+H/!E,Male
397,Elladine,Taffurelli,etaffurellib0,etaffurellib0@about.me,lY5|lTW1#S7&@N3E,Female
398,Ellerey,Skain,eskainb1,eskainb1@vimeo.com,lT4|7y@'%5AVmu,Male
399,Alexia,Darrigoe,adarrigoeb2,adarrigoeb2@google.it,"sS8\,}#>'K",Female
400,Sigismond,Braidley,sbraidleyb3,sbraidleyb3@deliciousdays.com,"qG6<0`cB=""q%?0VR",Male
401,Abraham,Eisold,aeisoldb4,aeisoldb4@nytimes.com,fA0*4J7oUAd!,Male
402,Laird,Mussettini,lmussettinib5,lmussettinib5@nymag.com,jD6_s<6kA,Male
403,Merrile,Levison,mlevisonb6,mlevisonb6@cyberchimps.com,zY8=kQ~dd<,Female
404,Pierre,Meeks,pmeeksb7,pmeeksb7@abc.net.au,yB9*9z0$Pn,Male
405,Krishnah,Patsall,kpatsallb8,kpatsallb8@multiply.com,gF4=mr}tRZ{,Male
406,Norbert,Cuerdale,ncuerdaleb9,ncuerdaleb9@purevolume.com,zF1'_f6'>k?(lS,Male
407,Cedric,Daouse,cdaouseba,cdaouseba@chicagotribune.com,nQ3&}.bbzDDCL,Male
408,Kacy,Castles,kcastlesbb,kcastlesbb@state.tx.us,qZ6|+'>9,Female
409,Harriett,Glassup,hglassupbc,hglassupbc@latimes.com,"pE1""n#BnBH'taf",Female
410,Merissa,Itzakovitz,mitzakovitzbd,mitzakovitzbd@xinhuanet.com,"uG2.l83""Xl"")F",Female
411,Anders,Courtois,acourtoisbe,acourtoisbe@squidoo.com,wF5*hbsAR3c+1#,Bigender
412,Laural,Hullah,lhullahbf,lhullahbf@alexa.com,"lF3,tLw&uP0Pq",Female
413,Malinda,Treamayne,mtreamaynebg,mtreamaynebg@de.vu,"qY9%""bpQ/Tz5{",Female
414,Orin,Cantrell,ocantrellbh,ocantrellbh@1688.com,qP9$(ZXj,Male
415,Cobb,Vanderson,cvandersonbi,cvandersonbi@wordpress.com,aH5#aEB4f,Male
416,Aubrey,Perott,aperottbj,aperottbj@amazon.com,"kY1$1%},4",Male
417,Gino,Lewsy,glewsybk,glewsybk@storify.com,yT1\'MGFfYwz>ZnV,Male
418,Peri,McGuiness,pmcguinessbl,pmcguinessbl@deviantart.com,"wI9`""Q*>f<m9hA",Female
419,Florella,Nigh,fnighbm,fnighbm@mit.edu,cU9?9VF!$6!CDz,Female
420,Terrel,Bunstone,tbunstonebn,tbunstonebn@surveymonkey.com,yW7}yCg`EY981L,Male
421,Roxana,Cosyns,rcosynsbo,rcosynsbo@hao123.com,jJ8#%Z?&fLH$sG,Female
422,Arlen,Brewin,abrewinbp,abrewinbp@youku.com,"nJ8}_@,Sd*",Non-binary
423,Marie-ann,MacLaig,mmaclaigbq,mmaclaigbq@rediff.com,dA1${Nhei/L,Female
424,Shep,O'Loinn,soloinnbr,soloinnbr@cdc.gov,cP3+s(iU|Lh~J4~6,Male
425,Guillema,Bridges,gbridgesbs,gbridgesbs@mediafire.com,oF9_Ik12r_Nr,Female
426,Dasie,Pestor,dpestorbt,dpestorbt@smh.com.au,"kY6_981,~F",Female
427,Reine,Clyma,rclymabu,rclymabu@plala.or.jp,rR1`C8{'5|C+,Female
428,Tadeas,Oldham,toldhambv,toldhambv@hatena.ne.jp,eD0~w<?S.2,Male
429,Georas,Blackford,gblackfordbw,gblackfordbw@w3.org,jC2$~191}bqN$!Ko,Agender
430,Fey,Ivett,fivettbx,fivettbx@hhs.gov,rE2\7s?U|Xzc,Female
431,Avril,Gartshore,agartshoreby,agartshoreby@netvibes.com,iB1/|2l)n6E,Female
432,Nathalia,Ireland,nirelandbz,nirelandbz@biblegateway.com,gU5!vWm/'M_#}U,Female
433,Osborne,McNeish,omcneishc0,omcneishc0@house.gov,qH9!>%v~,Male
434,Birgitta,Foxwell,bfoxwellc1,bfoxwellc1@amazon.de,kD4>Y6nGcbi3KQ5,Female
435,Yves,Errett,yerrettc2,yerrettc2@pbs.org,tD2!kVZF&4'JM,Male
436,Edgard,Silkstone,esilkstonec3,esilkstonec3@odnoklassniki.ru,vV5+v1@M(LC=,Male
437,Nicola,Keinrat,nkeinratc4,nkeinratc4@berkeley.edu,aV2`KNVsfulAl_q,Male
438,Rikki,Empson,rempsonc5,rempsonc5@hatena.ne.jp,hH0+(P$R2KSDYF\,Female
439,Hew,Favill,hfavillc6,hfavillc6@prlog.org,qY7\%x9Vu,Male
440,Jedidiah,Branca,jbrancac7,jbrancac7@boston.com,nY4&&J>+xfOY,Male
441,Menard,Boick,mboickc8,mboickc8@senate.gov,oZ8&cm*!da\,Male
442,Neville,Merrywether,nmerrywetherc9,nmerrywetherc9@com.com,tB1*=~j@BI{b,Male
443,Shell,Hargrave,shargraveca,shargraveca@phpbb.com,sA4#cn4J!_0>#,Male
444,Loy,Rasor,lrasorcb,lrasorcb@ox.ac.uk,qD5!Ag~+r)dDxq,Male
445,Rafaellle,Haburne,rhaburnecc,rhaburnecc@flickr.com,wT1)82j+E'f*,Male
446,Ram,Petch,rpetchcd,rpetchcd@cdc.gov,"pM1&""}<0V._cxAx",Male
447,Sawyer,Mardell,smardellce,smardellce@cornell.edu,zR5%VJ/tL)$,Male
448,Doralyn,Cleghorn,dcleghorncf,dcleghorncf@canalblog.com,gP7+NaI<be,Female
449,Lura,Tettley,ltettleycg,ltettleycg@imdb.com,hJ5}JZ1u4b/5r,Female
450,Alanna,Agutter,aagutterch,aagutterch@nytimes.com,"nA1!q,K4s#EFg",Female
451,Kacie,Van Der Weedenburg,kvanderweedenburgci,kvanderweedenburgci@sphinn.com,lC2(7#<X+Y,Female
452,Merrili,Steer,msteercj,msteercj@zimbio.com,yX5{Xupa~#$$#0\o,Female
453,Mil,McFee,mmcfeeck,mmcfeeck@acquirethisname.com,iO9>dH`saE,Female
454,Edik,Fruish,efruishcl,efruishcl@symantec.com,"eJ7<""9C(XjX<z4""m",Male
455,Skippie,Bedinham,sbedinhamcm,sbedinhamcm@gmpg.org,tT9#V7tOqy5,Male
456,Carey,Farrimond,cfarrimondcn,cfarrimondcn@bbb.org,"cF0,)ti_uGq",Female
457,Wallis,Seymer,wseymerco,wseymerco@tripod.com,gA1!ZRqL3$Q.$e~j,Female
458,Sande,Pavlovsky,spavlovskycp,spavlovskycp@pbs.org,qO6>IzN7X}=A7eSn,Female
459,Jens,Camoys,jcamoyscq,jcamoyscq@mediafire.com,"sM1{XC""PjNj%k",Male
460,Gilberta,Balderstone,gbalderstonecr,gbalderstonecr@vimeo.com,oU9!o&alf1~,Female
461,Sharity,Michin,smichincs,smichincs@sphinn.com,lZ9+N4FrMm>lM,Female
462,Janek,Farenden,jfarendenct,jfarendenct@fda.gov,wM1\T6/c,Male
463,Norry,Ronchetti,nronchetticu,nronchetticu@seattletimes.com,bE3+c$96|TJ,Female
464,Cort,Daventry,cdaventrycv,cdaventrycv@networksolutions.com,eV4$5RRm@|,Male
465,Mozelle,Skrine,mskrinecw,mskrinecw@reuters.com,xM4~Z|.b\mUgFv,Female
466,Opal,von Nassau,ovonnassaucx,ovonnassaucx@imgur.com,"dP8>Rf'AlpoM""`S",Female
467,Shani,Zelner,szelnercy,szelnercy@mlb.com,cS0)WOWY,Female
468,Griffith,Linford,glinfordcz,glinfordcz@prweb.com,zA7@Qjv{jQ4AYCO,Male
469,Ryon,Yakobovitz,ryakobovitzd0,ryakobovitzd0@auda.org.au,sU4'o'j&tkDwb>(,Male
470,Rodger,Gouch,rgouchd1,rgouchd1@deviantart.com,iU8+e6B<Q,Male
471,Sergio,Collum,scollumd2,scollumd2@tmall.com,eS1)7@1dU\h,Male
472,Natty,Buddington,nbuddingtond3,nbuddingtond3@ihg.com,qW1!(lX95eH,Female
473,Terri,Earey,teareyd4,teareyd4@liveinternet.ru,kE3%Rx(g<DIc,Male
474,Danie,Buntine,dbuntined5,dbuntined5@yolasite.com,iI2}.zuLtZZ,Male
475,Rozanne,Spinke,rspinked6,rspinked6@clickbank.net,"mE3'8LbTv'FA,=",Female
476,Harli,Maylor,hmaylord7,hmaylord7@yellowpages.com,"dT9<6,y#u",Non-binary
477,Fayina,Rings,fringsd8,fringsd8@moonfruit.com,bG8_zFgf@,Female
478,Tyrone,Tendahl,ttendahld9,ttendahld9@flickr.com,vU8+oyLb0,Male
479,Wesley,Bruneton,wbrunetonda,wbrunetonda@symantec.com,yF0*XYEDTZbc,Male
480,Alejoa,Pettyfar,apettyfardb,apettyfardb@samsung.com,"jO6,&6haufBE",Male
481,Faber,Stubbin,fstubbindc,fstubbindc@yahoo.co.jp,pU4_Lz`n,Male
482,Chloette,Andreas,candreasdd,candreasdd@wikipedia.org,"aJ0\%O53OV""l)'",Female
483,Kary,Collerd,kcollerdde,kcollerdde@uiuc.edu,nI2`zA1wdoC5,Female
484,Marquita,Schult,mschultdf,mschultdf@marketwatch.com,dC4$+c!4G'G{q+,Female
485,Tommie,Kording,tkordingdg,tkordingdg@wikimedia.org,gI5$ww6F<J,Male
486,Maximilianus,Tidbury,mtidburydh,mtidburydh@xing.com,sL7%#o})M,Male
487,Joanna,Carbonell,jcarbonelldi,jcarbonelldi@quantcast.com,nZ6>R1%T'Er,Female
488,Merci,Cockle,mcockledj,mcockledj@meetup.com,gF5`P!$j<M>L6}&/,Female
489,Marv,Elcum,melcumdk,melcumdk@wufoo.com,sD7=YNN++9,Male
490,Belicia,Anstie,banstiedl,banstiedl@macromedia.com,nU8|/aO}upH,Female
491,Kayle,Fussie,kfussiedm,kfussiedm@ocn.ne.jp,"nO9)pPSR=\n,L)",Female
492,Charis,Philippart,cphilippartdn,cphilippartdn@edublogs.org,"eG4{,Tx},S~7Bk",Female
493,Bobbi,Moodey,bmoodeydo,bmoodeydo@freewebs.com,"tQ9|woc<1,!Bf",Female
494,Bank,Minthorpe,bminthorpedp,bminthorpedp@statcounter.com,"qZ0""+Ie"",)0s~5dl",Polygender
495,Erminia,Gwyther,egwytherdq,egwytherdq@histats.com,zJ9+.4+CbSLD!Fs4,Female
496,Levy,Kupka,lkupkadr,lkupkadr@harvard.edu,mN8}83RPC1\2`632,Male
497,Reagan,Clyant,rclyantds,rclyantds@si.edu,jA1{(+Edk~Bx,Male
498,Viva,Panketh,vpankethdt,vpankethdt@hao123.com,"gF0'=,~""uI|<_}A",Female
499,Dewain,Ewer,dewerdu,dewerdu@un.org,"oM6#W`}1#_!""~)0M",Male
500,Muffin,Van Velde,mvanveldedv,mvanveldedv@rambler.ru,"iP5}Bp,Gqjl",Male
501,Nicolea,Lindfors,nlindforsdw,nlindforsdw@youtube.com,nU9+%&*v9RkO',Female
502,Hilly,Strangwood,hstrangwooddx,hstrangwooddx@123-reg.co.uk,"cJ2,YXi""76%",Genderfluid
503,Alejandro,Bianco,abiancody,abiancody@barnesandnoble.com,hU8@NYzeyL,Male
504,Ernestine,Flament,eflamentdz,eflamentdz@mediafire.com,nO4?Ei|WtV.d`2=.,Female
505,Bernadina,Cains,bcainse0,bcainse0@europa.eu,"jM0|`""}L(}yte_",Female
506,Bent,Carrodus,bcarroduse1,bcarroduse1@ftc.gov,bM1'Ee@e/(U,Male
507,Claudio,Trulock,ctrulocke2,ctrulocke2@go.com,"wQ9$J""4Wk\|",Polygender
508,Towney,Haddrell,thaddrelle3,thaddrelle3@discovery.com,cX0!'StSi,Male
509,Paulette,Harcombe,pharcombee4,pharcombee4@marriott.com,aH2\d.hj.!G,Female
510,Hilary,Finlaison,hfinlaisone5,hfinlaisone5@sciencedirect.com,hQ3~}.L0`m,Female
511,Ansel,Tremble,atremblee6,atremblee6@storify.com,"nY4""<roTwZ)|.5Xa",Genderqueer
512,Milicent,Gange,mgangee7,mgangee7@craigslist.org,hW5/O+4_T,Genderqueer
513,Jedd,Iglesias,jiglesiase8,jiglesiase8@bizjournals.com,"qJ2'CJz""K~vhiKnI",Male
514,Stefa,Proffitt,sproffitte9,sproffitte9@symantec.com,rH7\Xqa6hT,Female
515,Marnie,Curcher,mcurcherea,mcurcherea@1688.com,"oU5|EsA=,K&MY",Female
516,Ulrick,Philpault,uphilpaulteb,uphilpaulteb@marriott.com,dH8?CXtM,Male
517,Fina,Zapatero,fzapateroec,fzapateroec@mediafire.com,gX7>{u(?jkHp,Female
518,Katha,Tschiersch,ktschiersched,ktschiersched@engadget.com,nH3&jh3JX1sk,Female
519,Marlowe,Pietersen,mpietersenee,mpietersenee@newsvine.com,"xG1%,UHwUU<",Male
520,Coletta,Kayser,ckayseref,ckayseref@ezinearticles.com,zN7<JOjL`n,Female
521,Marlow,Morison,mmorisoneg,mmorisoneg@mapquest.com,gK2/.+`$hZK,Male
522,Erhard,Abrahamsohn,eabrahamsohneh,eabrahamsohneh@mapquest.com,sE5.Kvufx(`Nn>',Male
523,Les,Dron,ldronei,ldronei@google.ru,mS3{OA)m,Male
524,Alexis,Ellice,aelliceej,aelliceej@dyndns.org,pD8{U1bJ%M|,Female
525,Eula,Moultrie,emoultrieek,emoultrieek@acquirethisname.com,jC3~ZCrtdLv,Female
526,Derril,Baumann,dbaumannel,dbaumannel@uiuc.edu,sC0'0+sY>WN,Male
527,Nikolos,Waddie,nwaddieem,nwaddieem@posterous.com,eP2=@|q~Jl6V,Male
528,Roi,Marling,rmarlingen,rmarlingen@artisteer.com,gV1)a+\A,Male
529,Donnell,Patrie,dpatrieeo,dpatrieeo@diigo.com,cE1~L1q594_\}?s,Male
530,Ollie,Cable,ocableep,ocableep@sina.com.cn,nO7$j7S#1i,Male
531,Kaiser,Pahler,kpahlereq,kpahlereq@rambler.ru,zI2't2s%,Male
532,Karin,Sterman,kstermaner,kstermaner@msu.edu,"oZ7'#o/,b",Female
533,Dona,Peotz,dpeotzes,dpeotzes@miitbeian.gov.cn,zD2.11Tm$f\f,Genderqueer
534,Mort,Bradnum,mbradnumet,mbradnumet@mail.ru,rJ4_n5?h*I.=,Male
535,Kelsi,Murname,kmurnameeu,kmurnameeu@reverbnation.com,pF4<Q|n>H.Q`,Genderqueer
536,Aimee,Lamcken,alamckenev,alamckenev@jalbum.net,"kY4}jndO/""o{Z)D#",Female
537,Erin,O'Hdirscoll,eohdirscollew,eohdirscollew@rambler.ru,jY0/OFYjLS)9?Em+,Female
538,Kristos,O'Quin,koquinex,koquinex@un.org,"lL1?""Q45Ce7",Male
539,Daron,Verchambre,dverchambreey,dverchambreey@dell.com,dT1}3eGkFY?krc,Polygender
540,Cody,Blankley,cblankleyez,cblankleyez@blinklist.com,"bU7,oh?cEgG",Male
541,Roldan,Aronson,raronsonf0,raronsonf0@slideshare.net,kW2\)RA|~i'8,Male
542,Tallia,Chittie,tchittief1,tchittief1@webmd.com,dQ4_xrP)bZ,Female
543,Valma,Seabrook,vseabrookf2,vseabrookf2@trellian.com,bQ0)Xw`QO%b%4%Z{,Female
544,Huberto,Budibent,hbudibentf3,hbudibentf3@theguardian.com,mZ4$Ua>Xqu(hjl!,Male
545,Fairleigh,Beney,fbeneyf4,fbeneyf4@eventbrite.com,zO4*y.\|LX&LYfRp,Male
546,Johnna,Milbourne,jmilbournef5,jmilbournef5@sitemeter.com,"fM3/*88},GD",Female
547,Benjy,Welbeck,bwelbeckf6,bwelbeckf6@theglobeandmail.com,"wX4%|>""y#.",Male
548,Desiree,Mila,dmilaf7,dmilaf7@house.gov,"cH7!4r|R,C4(KTP",Female
549,Mallorie,Stirton,mstirtonf8,mstirtonf8@etsy.com,yU5|hx|\KJ>F2,Female
550,Adolf,Fabb,afabbf9,afabbf9@apple.com,eJ3')hmVZ,Male
551,Shandeigh,Messom,smessomfa,smessomfa@dropbox.com,xA2_Fz$OuTG3UH,Female
552,Joellyn,Turfin,jturfinfb,jturfinfb@list-manage.com,xV4!1k2s8W<d4j|s,Female
553,Marissa,Garmey,mgarmeyfc,mgarmeyfc@fda.gov,rM9={%#48}+u.#4M,Female
554,Belva,Mattevi,bmattevifd,bmattevifd@bigcartel.com,eE0+?#.91l,Female
555,Inger,Gilhouley,igilhouleyfe,igilhouleyfe@china.com.cn,yG0=lpYN,Female
556,Johnathan,Foakes,jfoakesff,jfoakesff@paypal.com,mF1<}}BnapcD**,Male
557,Leigha,Goolding,lgooldingfg,lgooldingfg@smugmug.com,"hD1/6P*g""?Ob7r",Female
558,Lyndel,Rennox,lrennoxfh,lrennoxfh@seattletimes.com,eX2(P@gE!S`BCXA,Female
559,Durward,Danilchik,ddanilchikfi,ddanilchikfi@flickr.com,zC7~Mj/Ny,Male
560,Jayson,Waby,jwabyfj,jwabyfj@omniture.com,dI1!3?K2T,Male
561,Benedetto,Bantick,bbantickfk,bbantickfk@auda.org.au,kH5???<a,Male
562,Jeannine,Crippes,jcrippesfl,jcrippesfl@yellowbook.com,wO4?!2m#qd!,Female
563,Julita,Chapellow,jchapellowfm,jchapellowfm@cyberchimps.com,zR2'z`N.4o~NLKk,Female
564,Janella,McVicar,jmcvicarfn,jmcvicarfn@fotki.com,nH0*IbAj,Female
565,Winfred,Conew,wconewfo,wconewfo@bloglovin.com,zE6@tg=4R,Male
566,Natal,Giabuzzi,ngiabuzzifp,ngiabuzzifp@auda.org.au,sP4+poi|,Male
567,Pasquale,Thurstan,pthurstanfq,pthurstanfq@biglobe.ne.jp,nS4_q$%73YFsu$1,Agender
568,Keene,O'Coskerry,kocoskerryfr,kocoskerryfr@hp.com,vD8|hXQViCn,Male
569,Armand,Redhouse,aredhousefs,aredhousefs@ovh.net,iU1=(Z<{}et,Male
570,Yoko,Rickarsey,yrickarseyft,yrickarseyft@slideshare.net,zC2`Og8LcGG7qx6,Female
571,Billye,D'Ruel,bdruelfu,bdruelfu@imdb.com,zM8@$}*uBQJIY,Female
572,Sonny,Ivanaev,sivanaevfv,sivanaevfv@chronoengine.com,pI7|<lpz,Female
573,Adan,Everard,aeverardfw,aeverardfw@soup.io,"nD3\1""9mjK)9",Female
574,Nady,Thomson,nthomsonfx,nthomsonfx@chronoengine.com,"aV8""$g<v(",Female
575,Nikolaos,Kezor,nkezorfy,nkezorfy@yolasite.com,vJ7&SAy|=zqs7h7y,Male
576,Gawain,Embling,gemblingfz,gemblingfz@godaddy.com,yV8*mK?#Tb_$,Male
577,Raff,Grumley,rgrumleyg0,rgrumleyg0@nhs.uk,qK9`(SP<,Male
578,Carlo,Collinge,ccollingeg1,ccollingeg1@themeforest.net,aB9<=}rNA_2<,Non-binary
579,Carolynn,O'Breen,cobreeng2,cobreeng2@miitbeian.gov.cn,sX3}4n#fhh,Female
580,Brewer,Dangl,bdanglg3,bdanglg3@e-recht24.de,eE5_*fjqrJJYw'p,Male
581,Briggs,Bottby,bbottbyg4,bbottbyg4@squarespace.com,"uX2*b}W},f6\""",Genderqueer
582,Kayne,Gamblin,kgambling5,kgambling5@nytimes.com,"kH2(yEcv9_rj,sR5",Male
583,Doro,Donovin,ddonoving6,ddonoving6@t.co,cX7'\jTl8_f\oC8,Female
584,Thomas,Gilford,tgilfordg7,tgilfordg7@shareasale.com,aF9&VqxBPv.Nd,Male
585,Kimberli,Souza,ksouzag8,ksouzag8@homestead.com,"tF9/EpM""2jD9r",Female
586,Meridel,Corlett,mcorlettg9,mcorlettg9@spotify.com,"hS5\X2a+d,|6FVs",Female
587,Jamima,Polin,jpolinga,jpolinga@wikia.com,lZ1`WvL#{z,Bigender
588,Horatius,Toulamain,htoulamaingb,htoulamaingb@wordpress.org,"tB9}%eW7""",Male
589,Juanita,Biggins,jbigginsgc,jbigginsgc@earthlink.net,wJ7!cxYS?AM_J7,Female
590,Carmita,Janssen,cjanssengd,cjanssengd@vk.com,dI7}x'@%U)~phK8_,Female
591,Conan,Skehens,cskehensge,cskehensge@ftc.gov,pQ5)z9eQjI?o,Male
592,Shanan,Batterham,sbatterhamgf,sbatterhamgf@free.fr,gN4_kA>ug5,Male
593,Marylou,Dachs,mdachsgg,mdachsgg@army.mil,yA6@@+wvDRwev,Female
594,Dewain,Portam,dportamgh,dportamgh@g.co,mW1$AuD3#,Male
595,Costa,Hyslop,chyslopgi,chyslopgi@cdc.gov,dU0~~{<i@Z,Male
596,Tobye,Dinnage,tdinnagegj,tdinnagegj@furl.net,aA2#'@dt9k!pL>,Female
597,Quinn,Greenset,qgreensetgk,qgreensetgk@icio.us,vP0+*()jbLJ&gk69,Female
598,Janice,Saywood,jsaywoodgl,jsaywoodgl@liveinternet.ru,sE1'En'4w_4pU\8',Female
599,Chelsey,Barnwill,cbarnwillgm,cbarnwillgm@addtoany.com,zX5|4kT0c58cM,Female
600,Earlie,Walklott,ewalklottgn,ewalklottgn@state.gov,gG3%*=%Z3#>`jH,Agender
601,Moshe,Simco,msimcogo,msimcogo@tmall.com,"eX9!W&\`*OQ""U)j>",Male
602,Maxi,Roseborough,mroseboroughgp,mroseboroughgp@seesaa.net,"xR1}qxFjV},",Female
603,Hendrika,Vernham,hvernhamgq,hvernhamgq@pinterest.com,"jF8.qeXay&w""p3",Female
604,Rosemary,Fansy,rfansygr,rfansygr@hc360.com,zM2~LOy*R=#%},Female
605,Isidora,Wisham,iwishamgs,iwishamgs@artisteer.com,wA9'.ASr>LwAH,Genderfluid
606,Hamlin,Brando,hbrandogt,hbrandogt@cam.ac.uk,eJ7<+es|z},Male
607,Chadd,Dmtrovic,cdmtrovicgu,cdmtrovicgu@51.la,"iV7|,f%MKJ70",Male
608,Sayre,Genthner,sgenthnergv,sgenthnergv@woothemes.com,jB2~&Gw4{cLhaz,Female
609,Maurene,Gilchriest,mgilchriestgw,mgilchriestgw@newyorker.com,eO6*3}0s,Non-binary
610,Harley,Donavan,hdonavangx,hdonavangx@tiny.cc,eR6=gDiPlO,Female
611,Bee,Piell,bpiellgy,bpiellgy@cbslocal.com,dM5`5Lix`=,Non-binary
612,Babb,Eagland,beaglandgz,beaglandgz@google.com,cD0@+abgT@5,Female
613,Ransell,Giorgini,rgiorginih0,rgiorginih0@bizjournals.com,"tX3>D\,Ak"")\",Male
614,Keely,Hambleton,khambletonh1,khambletonh1@comsenz.com,yZ9_F`x}yWtf$pUS,Female
615,Viviene,Llorens,vllorensh2,vllorensh2@engadget.com,xJ3(IvLxe$XWA{p,Female
616,Dinah,Deboick,ddeboickh3,ddeboickh3@about.com,aT9{UL1vsZ3sRE,Female
617,Elisha,Barge,ebargeh4,ebargeh4@fastcompany.com,jD0&~h930AAVLjC,Polygender
618,Coleman,Gulley,cgulleyh5,cgulleyh5@soup.io,hN0|aN*Eri,Male
619,Tammie,Mantle,tmantleh6,tmantleh6@salon.com,zP8.n))'H9DC4,Female
620,Nicola,Freeberne,nfreeberneh7,nfreeberneh7@com.com,gF2$|OC!N,Male
621,Kennith,Poser,kposerh8,kposerh8@last.fm,tZ6!Zso`Z#=z{',Male
622,Bobbye,Chellam,bchellamh9,bchellamh9@github.com,yS3%BmZJ,Female
623,Maegan,Reihm,mreihmha,mreihmha@sciencedaily.com,mF6*_d=#11NMty9,Female
624,Rex,Fielders,rfieldershb,rfieldershb@mapy.cz,fA3|dhaQ&N1{E,Male
625,Byrle,Barbie,bbarbiehc,bbarbiehc@pinterest.com,qQ0_\w'C}}7%!V#j,Male
626,Sybil,Adaway,sadawayhd,sadawayhd@hao123.com,rH3&15w*&%aw,Female
627,Oralla,Timewell,otimewellhe,otimewellhe@lulu.com,bV5+JaCa2`$,Female
628,Cosette,Hagger,chaggerhf,chaggerhf@angelfire.com,tL0'97sN,Female
629,Adora,Ciottoi,aciottoihg,aciottoihg@home.pl,zS6~nd3(R`fv>G,Female
630,Myer,Delacote,mdelacotehh,mdelacotehh@umich.edu,kB6.8R7QNI>(8,Male
631,Windham,Acklands,wacklandshi,wacklandshi@marriott.com,rP8#zMze1,Male
632,Zara,Fish,zfishhj,zfishhj@friendfeed.com,wQ0(w<5QuD2T,Female
633,Bord,Flahy,bflahyhk,bflahyhk@unc.edu,aI9`hu{<Ea,Male
634,Caroline,Figgins,cfigginshl,cfigginshl@usgs.gov,hA1!Ct6Rs}M.,Female
635,Bobine,Corhard,bcorhardhm,bcorhardhm@flickr.com,rG2`xJde*,Female
636,Bran,Sparwell,bsparwellhn,bsparwellhn@plala.or.jp,mY2!ZvE=0!,Male
637,Ermengarde,Mulloch,emullochho,emullochho@aol.com,mJ9/OW''9,Female
638,Madelina,Boatright,mboatrighthp,mboatrighthp@smh.com.au,eK4=#_uC,Female
639,Aloysius,Corsar,acorsarhq,acorsarhq@example.com,eR2&5o9K,Male
640,Corney,Corbishley,ccorbishleyhr,ccorbishleyhr@paypal.com,fJ3.~itv)_EV#u,Male
641,Bunny,Blandford,bblandfordhs,bblandfordhs@wsj.com,kN2_vT.6Zq,Female
642,Gayelord,Gaudon,ggaudonht,ggaudonht@reuters.com,iM5$OWyY#.c,Male
643,Haroun,Ruberry,hruberryhu,hruberryhu@cargocollective.com,mL1_o_Wju,Male
644,Ryann,Sandell,rsandellhv,rsandellhv@weibo.com,"kO6,b$e#uSC8",Female
645,Lewiss,Casaro,lcasarohw,lcasarohw@youtube.com,"aS9|""$riq",Male
646,Tadd,Longstreet,tlongstreethx,tlongstreethx@github.io,aG3*HQzg+uX,Male
647,Lydon,Pauleau,lpauleauhy,lpauleauhy@mit.edu,gU2#T#Yr@u)KtP,Male
648,Kalie,Shrimpton,kshrimptonhz,kshrimptonhz@answers.com,rD6)w}n1ivDlEg.O,Female
649,Fidelia,Kilbee,fkilbeei0,fkilbeei0@liveinternet.ru,nH7>!h04EAa>,Female
650,Franciska,Thyer,fthyeri1,fthyeri1@livejournal.com,cL5|T=E`G7DrWFC,Female
651,Fredra,Greenley,fgreenleyi2,fgreenleyi2@sina.com.cn,zK8+t/Mbv6)J,Female
652,Upton,Norquoy,unorquoyi3,unorquoyi3@msu.edu,eT6_I8W$7'Eaac,Genderqueer
653,Alexei,Frensche,afrenschei4,afrenschei4@yandex.ru,xU8>mgi|S,Male
654,Eda,Hysom,ehysomi5,ehysomi5@gnu.org,sY0&%Xn?!E*,Female
655,Anitra,Gisburne,agisburnei6,agisburnei6@soup.io,aE9>L%npIvz,Female
656,Broddie,Emblin,bemblini7,bemblini7@free.fr,yJ4+7n2tBf7<O\,Male
657,Anderea,Comiskey,acomiskeyi8,acomiskeyi8@unicef.org,"wC0\KS@um""wJ9",Female
658,Herman,Beeze,hbeezei9,hbeezei9@meetup.com,"tX7!5G<,MoFZ",Male
659,Baillie,Schruurs,bschruursia,bschruursia@ed.gov,"eA1'z`gGCl""|eq/X",Male
660,Camilla,Hauger,chaugerib,chaugerib@networksolutions.com,"mV2*yVL`%+kb""cU(",Female
661,Marlee,Albone,malboneic,malboneic@hibu.com,"wH1%""AX0!633T",Bigender
662,Fee,Clogg,fcloggid,fcloggid@google.pl,wD4!()rx,Male
663,Michele,Skill,mskillie,mskillie@tumblr.com,hJ5=0+ZH@bXu6v'5,Female
664,Loutitia,Anderl,landerlif,landerlif@cnbc.com,"uK4#hv""y",Genderfluid
665,Skelly,Simonett,ssimonettig,ssimonettig@baidu.com,sT2/tN!frJ#Xj>8,Male
666,Gardy,Pinor,gpinorih,gpinorih@vistaprint.com,hA0}E%F0zBnSk2$,Male
667,Jolie,Govinlock,jgovinlockii,jgovinlockii@netscape.com,sP4@f(5@04(,Female
668,Rosemonde,Totaro,rtotaroij,rtotaroij@toplist.cz,vM7*.#@dtvYDC,Female
669,Armstrong,Prosh,aproshik,aproshik@pbs.org,zM8`?ur|0P<W,Male
670,Kissiah,Girardengo,kgirardengoil,kgirardengoil@cbsnews.com,yW5*n}9|$7,Female
671,Ericha,Mewton,emewtonim,emewtonim@businessinsider.com,eG5_u+Y!i,Female
672,Ingeberg,Semkins,isemkinsin,isemkinsin@hugedomains.com,vA1)UKOuN{*Tq,Female
673,Todd,McLeoid,tmcleoidio,tmcleoidio@apache.org,xP6$zo}k3U,Male
674,Jacklyn,Kinneally,jkinneallyip,jkinneallyip@loc.gov,jW4+N_'?qQC9|.~i,Female
675,Kariotta,Carwardine,kcarwardineiq,kcarwardineiq@umn.edu,oY8%v|V0`A_Y}*,Non-binary
676,Noby,Boone,nbooneir,nbooneir@altervista.org,tH1?ELyz1,Male
677,Lorelle,Josefer,ljoseferis,ljoseferis@godaddy.com,dS2!O$Ds=MS,Female
678,Herculie,Bartoleyn,hbartoleynit,hbartoleynit@blog.com,rP8'D*04Ghy\,Male
679,Annetta,Meins,ameinsiu,ameinsiu@java.com,"wB4/Zf""2~",Female
680,Cordy,Ninnis,cninnisiv,cninnisiv@buzzfeed.com,"nN7.,35=C",Male
681,Nev,Suddell,nsuddelliw,nsuddelliw@gmpg.org,tN9_/wx%!&$+,Male
682,Hughie,Catterell,hcatterellix,hcatterellix@goo.ne.jp,zE7'Ii5S,Bigender
683,Claudia,Tonbye,ctonbyeiy,ctonbyeiy@state.tx.us,dH4#nF=1Oi>jN$,Female
684,Milzie,Cleaves,mcleavesiz,mcleavesiz@shutterfly.com,aG1>pGui}pUOJ)V,Female
685,El,Felgat,efelgatj0,efelgatj0@springer.com,"mS7_3f2QJUj{2P,",Male
686,Shelia,Daniellot,sdaniellotj1,sdaniellotj1@shareasale.com,kD3\MLc!O,Female
687,Virge,Castelot,vcastelotj2,vcastelotj2@last.fm,xU5~UqIE{Uyn,Male
688,June,Kelsall,jkelsallj3,jkelsallj3@fda.gov,uV1&dX\Ok'7MR~,Female
689,Ernie,Merriton,emerritonj4,emerritonj4@quantcast.com,jZ9@3aEelh8>L$,Male
690,Timmie,Beddon,tbeddonj5,tbeddonj5@amazon.co.jp,"aW9.g+=kWA,",Male
691,Katrinka,Habbes,khabbesj6,khabbesj6@examiner.com,bH1\0l~Z}=luHXE<,Female
692,Annemarie,Orrum,aorrumj7,aorrumj7@gizmodo.com,gC4~j'Kt,Polygender
693,Dougie,Strowlger,dstrowlgerj8,dstrowlgerj8@goo.gl,"rP0,B3u@/D@k",Male
694,Ferdie,Pescud,fpescudj9,fpescudj9@forbes.com,xM7\DvOalb9v?,Male
695,Matilde,Sallans,msallansja,msallansja@fda.gov,vM9=Y{TMv.$,Female
696,Claudell,Hardway,chardwayjb,chardwayjb@sphinn.com,tA9`E&K38P,Male
697,Angil,Edrich,aedrichjc,aedrichjc@booking.com,bS9}T>C&yo?,Female
698,Sybil,Kither,skitherjd,skitherjd@de.vu,tV3%yB4b,Female
699,Phebe,Drysdell,pdrysdellje,pdrysdellje@jigsy.com,wF2(98.=NAhIBN,Female
700,Izabel,Connaughton,iconnaughtonjf,iconnaughtonjf@yahoo.co.jp,"cN6,mZx*gNDd*{ni",Agender
701,Rodolfo,Ruddoch,rruddochjg,rruddochjg@home.pl,zW0/GoSD|O<Alr,Male
702,Calli,Gumb,cgumbjh,cgumbjh@live.com,yM9)ZGyv,Genderqueer
703,Tommy,Leftwich,tleftwichji,tleftwichji@nba.com,iG8#kYhd56p@rX%,Male
704,Melba,Bollon,mbollonjj,mbollonjj@bloomberg.com,wC6|G}H@Bcf4I,Female
705,Cash,Caldron,ccaldronjk,ccaldronjk@bigcartel.com,fO1+j&+EW$5SWqg,Male
706,Marwin,Budik,mbudikjl,mbudikjl@infoseek.co.jp,fA4}GDsT2Rm,Male
707,Jake,Davana,jdavanajm,jdavanajm@npr.org,wW2*d/.hQ,Male
708,Norton,Kirtland,nkirtlandjn,nkirtlandjn@flavors.me,"sD3,/7!(p,loX",Male
709,Elaine,Siemon,esiemonjo,esiemonjo@soup.io,"wP6$'wUh""1",Female
710,Rodolfo,Mapother,rmapotherjp,rmapotherjp@cloudflare.com,wJ3(W<V|.`\h1,Male
711,Morrie,Gelsthorpe,mgelsthorpejq,mgelsthorpejq@newsvine.com,gR1@6354BxIFfxV,Male
712,Ettie,Gathwaite,egathwaitejr,egathwaitejr@1688.com,nO9/B*vwUql9dd&6,Female
713,Marabel,Jeffcoate,mjeffcoatejs,mjeffcoatejs@tmall.com,gV1#Ec<MhQR!,Female
714,Kathe,Paynes,kpaynesjt,kpaynesjt@engadget.com,"xZ9,r1%)>b",Female
715,Darlene,July,djulyju,djulyju@pcworld.com,sZ3<e{DlW,Female
716,Yasmeen,Gauchier,ygauchierjv,ygauchierjv@list-manage.com,nO7\~x?M0,Female
717,Ozzy,Kampshell,okampshelljw,okampshelljw@friendfeed.com,fH0)~lrG,Male
718,Urbain,Lindenblatt,ulindenblattjx,ulindenblattjx@artisteer.com,xH9/Km7I,Male
719,Nessy,Clerk,nclerkjy,nclerkjy@abc.net.au,zA7|f\xe&iHq,Female
720,Kaitlyn,Orridge,korridgejz,korridgejz@hostgator.com,"yU9\,H~V{W",Female
721,Modesty,Carnegy,mcarnegyk0,mcarnegyk0@springer.com,"nP5=,+WX",Female
722,Malachi,Crichley,mcrichleyk1,mcrichleyk1@scientificamerican.com,iO0*#G%9,Male
723,Brnaby,Rollinshaw,brollinshawk2,brollinshawk2@cafepress.com,fL8~~F}5~),Male
724,Geoffrey,Jeynes,gjeynesk3,gjeynesk3@free.fr,"wX4?M""wl3e_M|j",Male
725,Justin,Playford,jplayfordk4,jplayfordk4@webeden.co.uk,"rJ7""HtGkC4OH.r'G",Male
726,Adelina,Juppe,ajuppek5,ajuppek5@tiny.cc,pA0<aFy0!,Female
727,Richmond,De la Perrelle,rdelaperrellek6,rdelaperrellek6@goo.ne.jp,dZ2/x3Y8hRIR,Male
728,Cecelia,Turfes,cturfesk7,cturfesk7@oakley.com,aU4@gjA$iEhCVZa{,Female
729,Allianora,Fullard,afullardk8,afullardk8@usatoday.com,"rA6,""uFd",Female
730,Eimile,Mingard,emingardk9,emingardk9@shop-pro.jp,kS5\B>0g,Female
731,Dwayne,Jakoviljevic,djakoviljevicka,djakoviljevicka@infoseek.co.jp,jF7~tdy3/1,Genderfluid
732,Daffi,Connow,dconnowkb,dconnowkb@fc2.com,aH9&D)p*8zzS,Female
733,Cathy,Kolak,ckolakkc,ckolakkc@slate.com,"qW5""@rvi|Gn)\",Female
734,Florella,Jakoviljevic,fjakoviljevickd,fjakoviljevickd@1und1.de,rN6)eTYa,Female
735,Jillana,Linacre,jlinacreke,jlinacreke@auda.org.au,wD0%@QoRRZ8Lg<,Polygender
736,Stanislas,Caplis,scapliskf,scapliskf@cbslocal.com,rP9<RKs+j8>Ki7|,Male
737,Gibb,Swaffer,gswafferkg,gswafferkg@sciencedirect.com,"xM7(<63""&a1v2m",Male
738,Dawna,Caley,dcaleykh,dcaleykh@prnewswire.com,cS8@PtSU3,Bigender
739,Allegra,Flaxman,aflaxmanki,aflaxmanki@mapy.cz,"vO1.*DSr,x",Female
740,Hulda,Epple,hepplekj,hepplekj@hibu.com,dZ0/<mCwXCMMK,Female
741,Franklin,Chrishop,fchrishopkk,fchrishopkk@geocities.com,bN8|}rF<,Male
742,Bambie,Sloane,bsloanekl,bsloanekl@chron.com,jV9.Aaa7hP,Female
743,Ondrea,Aldrick,oaldrickkm,oaldrickkm@auda.org.au,aU2(4}L5u?4{z}#J,Female
744,Marcile,Conyard,mconyardkn,mconyardkn@ted.com,vJ9{JjSGN8!yV#A,Female
745,Rakel,Allcock,rallcockko,rallcockko@wired.com,kA6*V@+bo,Female
746,Kelsey,Mancktelow,kmancktelowkp,kmancktelowkp@mayoclinic.com,bN3<*HF(FNeJ*U{w,Male
747,Sauncho,Quickfall,squickfallkq,squickfallkq@bigcartel.com,fF3+ChZzs,Male
748,Marabel,McIlraith,mmcilraithkr,mmcilraithkr@umich.edu,rV7?X4~o2ea8,Female
749,Loralyn,Pilger,lpilgerks,lpilgerks@who.int,fY3|A8un&wIHXV&,Female
750,Obed,Sebright,osebrightkt,osebrightkt@de.vu,"vQ8%8/8IQ""cO?\H",Male
751,Crichton,Tyce,ctyceku,ctyceku@nba.com,sA3~fqjcx\nZ,Non-binary
752,Alyse,Klimp,aklimpkv,aklimpkv@shop-pro.jp,lM9=7vkntvyt`&RI,Genderqueer
753,Norine,McGreal,nmcgrealkw,nmcgrealkw@reference.com,dH2*Ut&JL,Female
754,Errol,Unsworth,eunsworthkx,eunsworthkx@spotify.com,uR5<{5QRBJVd,Male
755,Ignacius,Francecione,ifrancecioneky,ifrancecioneky@creativecommons.org,rM0$2dUi<gL,Male
756,Cora,Riddles,criddleskz,criddleskz@ebay.co.uk,uN3+x3&@8_,Female
757,Marcus,Carass,mcarassl0,mcarassl0@amazon.de,"qP2/Th$Om2,EKkSj",Male
758,Ania,Jedraszek,ajedraszekl1,ajedraszekl1@plala.or.jp,"oQ2<*,oe{CNW",Female
759,Betteann,Vanichkin,bvanichkinl2,bvanichkinl2@deviantart.com,iX1<_SP\Td,Female
760,Lee,MacCarter,lmaccarterl3,lmaccarterl3@wired.com,sP0.O`&LPlJ,Female
761,Olly,Cockell,ocockelll4,ocockelll4@google.nl,"xO5,VvT$!Go""','",Male
762,Nickola,Whyberd,nwhyberdl5,nwhyberdl5@sciencedirect.com,tA6!p#A%w|N@,Male
763,Lebbie,Lawfull,llawfulll6,llawfulll6@hibu.com,pS8=B#{DJC,Female
764,Cecil,Berzins,cberzinsl7,cberzinsl7@cdc.gov,iB9_J.OIF,Male
765,Wallis,Havard,whavardl8,whavardl8@gnu.org,"vN6),RQg((z",Agender
766,Cyndie,Emerine,cemerinel9,cemerinel9@thetimes.co.uk,aM8~7j%@0L,Female
767,Sharai,Odlin,sodlinla,sodlinla@sphinn.com,sZ3=wSY+b0lTVs@E,Female
768,Devlen,Allsep,dallseplb,dallseplb@mayoclinic.com,"oV8`RlK.,T5{%`",Genderfluid
769,Sargent,Yarr,syarrlc,syarrlc@webs.com,rS7/x6K&PYDOZ@D),Polygender
770,Anet,Boggis,aboggisld,aboggisld@sun.com,iV9>@{nfB,Female
771,Orren,Rickcord,orickcordle,orickcordle@nature.com,tL1_Y+}b%8ijPXdX,Male
772,Halley,McKilroe,hmckilroelf,hmckilroelf@cam.ac.uk,zR3!X#*)M@W,Female
773,Leo,McClaughlin,lmcclaughlinlg,lmcclaughlinlg@163.com,kK2@0S&O\\,Male
774,Lacie,Bulgen,lbulgenlh,lbulgenlh@squarespace.com,rM6#Dtk#J4!k)n+b,Non-binary
775,Martha,Aiton,maitonli,maitonli@imageshack.us,kX1`d)V?gWN%M,Female
776,Cozmo,Keast,ckeastlj,ckeastlj@sphinn.com,mU9_'!mf,Male
777,Lindy,Vallentin,lvallentinlk,lvallentinlk@weibo.com,kB4{g&s\B,Female
778,Jeremy,Bosson,jbossonll,jbossonll@google.ca,cR7/DTT)tnO!mP#7,Male
779,Sidoney,Laming,slaminglm,slaminglm@flickr.com,"lC0""v)o!Xz6""{sRT",Female
780,Verina,Rosenboim,vrosenboimln,vrosenboimln@yolasite.com,"cT3=oRRS`K""\",Female
781,Shane,Danaher,sdanaherlo,sdanaherlo@bluehost.com,aR7#bbNfSW8R7,Non-binary
782,Morena,Rapo,mrapolp,mrapolp@economist.com,"lV5,>J<b~gkv5T\@",Female
783,Carolann,Jeandot,cjeandotlq,cjeandotlq@t.co,zE9`CSLq,Female
784,Emmott,Battell,ebattelllr,ebattelllr@about.com,zW1`afP@,Male
785,Davin,Gulliman,dgullimanls,dgullimanls@cargocollective.com,mS2!F9Tt,Male
786,Kenny,Leithgoe,kleithgoelt,kleithgoelt@yellowpages.com,"pG0%{Ow,G",Male
787,Allissa,Hyslop,ahysloplu,ahysloplu@noaa.gov,"sS3|X,Zg}n=rV.>",Female
788,Baxy,Cowdery,bcowderylv,bcowderylv@google.it,eR8)a_Cx,Male
789,Lettie,Wavell,lwavelllw,lwavelllw@sogou.com,"fZ7""o/?h",Female
790,Baron,Rozec,brozeclx,brozeclx@flickr.com,dF8`yD#D@,Male
791,Darbee,Mertel,dmertelly,dmertelly@youtube.com,aE6&jSPE=f4#,Male
792,Dwight,Riseborough,driseboroughlz,driseboroughlz@ameblo.jp,zY7'zoepXp,Male
793,Ernest,Beckles,ebecklesm0,ebecklesm0@house.gov,oR4}omAKE!E,Male
794,Phyllida,Adrain,padrainm1,padrainm1@marketwatch.com,qC9|uwTpvfbIK_,Polygender
795,Yovonnda,Alstead,yalsteadm2,yalsteadm2@exblog.jp,hZ3!+FWHi!K`,Female
796,Suzette,Randalston,srandalstonm3,srandalstonm3@meetup.com,"aO0>*&Kx%w,Iw5dp",Female
797,Emmet,McKiddin,emckiddinm4,emckiddinm4@chron.com,gW9}1@~\&F\A,Male
798,Georgie,Juppe,gjuppem5,gjuppem5@sitemeter.com,uH0(GAZ#n&,Male
799,Karim,Frackiewicz,kfrackiewiczm6,kfrackiewiczm6@trellian.com,uX7.CTx>DX~(B,Male
800,Leland,Neagle,lneaglem7,lneaglem7@vk.com,"gM6|A|8JQK9/""ct",Male
801,Gardy,Jirak,gjirakm8,gjirakm8@t.co,aM1(jn9x)PJ'G6,Male
802,Marianne,Daout,mdaoutm9,mdaoutm9@stanford.edu,hW9#beEU'Wu,Female
803,Melisa,Tollerfield,mtollerfieldma,mtollerfieldma@technorati.com,jZ0|Tk7>A_NO8$,Female
804,Dallas,Wenderott,dwenderottmb,dwenderottmb@answers.com,sO2%'(*DmKuM9%,Female
805,Mame,Balch,mbalchmc,mbalchmc@google.com.hk,aI4&p7$)~Ym0EezB,Female
806,Fowler,Hacon,fhaconmd,fhaconmd@timesonline.co.uk,tU6/X0/~sNk/I,Male
807,Dolf,Saffrin,dsaffrinme,dsaffrinme@va.gov,"gR8,Og4#>4",Male
808,Fidela,Calley,fcalleymf,fcalleymf@free.fr,oI4!/E@Iv,Polygender
809,Todd,Dovermann,tdovermannmg,tdovermannmg@buzzfeed.com,bA8~_s{2Y&n%d9,Male
810,Yves,Oldknow,yoldknowmh,yoldknowmh@sfgate.com,mA7)3GvKJA_<,Male
811,Ilyse,Marunchak,imarunchakmi,imarunchakmi@google.com.br,"oW1&QS6R,",Female
812,Maddalena,Kryzhov,mkryzhovmj,mkryzhovmj@fc2.com,"dM4+>0.,)cmgYR~V",Female
813,Mauricio,Halloran,mhalloranmk,mhalloranmk@youtu.be,hZ3=$FJ6tS$,Male
814,Roanne,Meeron,rmeeronml,rmeeronml@yellowbook.com,pA4>q*4{<,Female
815,Adolf,Barca,abarcamm,abarcamm@wp.com,"uJ2|xp,xEH5'#R",Male
816,Ashia,Mariotte,amariottemn,amariottemn@google.ca,pF2$wHu_IGy2!,Female
817,Adams,Barnicott,abarnicottmo,abarnicottmo@comsenz.com,tE3_DA4{,Male
818,Tailor,Arkill,tarkillmp,tarkillmp@freewebs.com,xB3(cAI5JO+,Male
819,Myrtle,Selway,mselwaymq,mselwaymq@deliciousdays.com,eO8{F<i12<uAe),Female
820,Salomon,Klaff,sklaffmr,sklaffmr@woothemes.com,"mC4%FuA74""H(l",Male
821,Penelopa,Corssen,pcorssenms,pcorssenms@weebly.com,"vH7{wpZ0?,ALh(G",Female
822,Diarmid,Rubinovitch,drubinovitchmt,drubinovitchmt@home.pl,"yM2'""\XqBT.eI2wF",Male
823,Corbett,Tunesi,ctunesimu,ctunesimu@newyorker.com,"eU9&t2qnn""J",Male
824,Berkley,Kenen,bkenenmv,bkenenmv@accuweather.com,"aF8~,I1ypXU(Bus*",Male
825,Eydie,Dilleway,edillewaymw,edillewaymw@yellowbook.com,"gV1'YS}""\",Female
826,Edna,Cutford,ecutfordmx,ecutfordmx@is.gd,uG6@pZ6e_{%,Female
827,Dulce,Kuhn,dkuhnmy,dkuhnmy@cam.ac.uk,fS4=j=dC50pH,Female
828,Virgil,Powder,vpowdermz,vpowdermz@microsoft.com,lP1{?.%i~,Male
829,Merrill,Pinniger,mpinnigern0,mpinnigern0@usgs.gov,wP4<r||VSc,Male
830,Meghan,Collisson,mcollissonn1,mcollissonn1@infoseek.co.jp,aA1)b9g12jcs?MKz,Female
831,Olivie,Day,odayn2,odayn2@whitehouse.gov,fH3$bUE*!&_|G)j,Female
832,Ferdie,Boodle,fboodlen3,fboodlen3@hc360.com,rC4+7_igxM?OWKr,Male
833,Monte,Kuhnhardt,mkuhnhardtn4,mkuhnhardtn4@nps.gov,jM1\k!@.,Male
834,Kiley,Lachaize,klachaizen5,klachaizen5@cbslocal.com,iU6!+68LTu!#=}d,Female
835,Cob,Buard,cbuardn6,cbuardn6@networkadvertising.org,iN7$5!R=,Male
836,Nedda,MacKellen,nmackellenn7,nmackellenn7@spiegel.de,oD5)YfmQ,Agender
837,Iain,Audley,iaudleyn8,iaudleyn8@ucoz.ru,"mC2""t##v@KT",Male
838,Orton,Surmeir,osurmeirn9,osurmeirn9@cocolog-nifty.com,kI8$m</cOE,Male
839,Amye,Sieghard,asieghardna,asieghardna@cloudflare.com,bA0(!#>?>,Female
840,Tawsha,Mackinder,tmackindernb,tmackindernb@rambler.ru,"hF1,$&m""t@oq,",Female
841,Koo,Gellert,kgellertnc,kgellertnc@cocolog-nifty.com,bL9{n)I8J,Female
842,Bobette,Unger,bungernd,bungernd@google.com.br,zV1+=QCq#,Female
843,Farleigh,Stevenson,fstevensonne,fstevensonne@kickstarter.com,yY4*Yxv!?WdUU,Male
844,Burt,Doumic,bdoumicnf,bdoumicnf@goodreads.com,aH1(2.98Y'q_3,Male
845,Ellary,Pietrasik,epietrasikng,epietrasikng@google.co.jp,iW7\WO$z7g,Male
846,Danell,Dechelle,ddechellenh,ddechellenh@slashdot.org,pG5/kJ=($O,Female
847,Marleah,Petrenko,mpetrenkoni,mpetrenkoni@gnu.org,"dP1""n.KG7h",Female
848,Cristine,Balderstone,cbalderstonenj,cbalderstonenj@whitehouse.gov,yR2$Ns?9_<Oca3(<,Female
849,Bruno,Corringham,bcorringhamnk,bcorringhamnk@mozilla.com,"lW4|0!be,i",Male
850,Ellerey,Lavin,elavinnl,elavinnl@bbb.org,kD9(2AFpP3PO,Male
851,Sutherlan,Campelli,scampellinm,scampellinm@hc360.com,nC5(3+@}vd3\k5,Male
852,Ronny,Gash,rgashnn,rgashnn@4shared.com,nM8(GEaaSi*D,Male
853,Sig,Manifold,smanifoldno,smanifoldno@canalblog.com,cA5@gs=9,Male
854,Sanders,Goudy,sgoudynp,sgoudynp@nasa.gov,wJ6&Z.>6\i<,Male
855,Carola,Fishburn,cfishburnnq,cfishburnnq@omniture.com,fO1=BLb71_DH,Genderqueer
856,Dredi,Aubin,daubinnr,daubinnr@bing.com,hY5#aoD$jd,Female
857,Nalani,Palk,npalkns,npalkns@huffingtonpost.com,"dK7!"">raxO'aFhA",Female
858,Magdalen,Tabourin,mtabourinnt,mtabourinnt@instagram.com,yN7<4CdIfS,Female
859,Verne,Milella,vmilellanu,vmilellanu@ning.com,uC7(ak(%{,Male
860,Prent,Cornehl,pcornehlnv,pcornehlnv@yolasite.com,nA5=+6PNPqJ/993,Male
861,Elizabeth,Hawton,ehawtonnw,ehawtonnw@wix.com,lI0.3.7Hj5r,Female
862,Leesa,Windross,lwindrossnx,lwindrossnx@free.fr,aW1'd=|9_,Female
863,Paxton,Lauks,plauksny,plauksny@spotify.com,zM6\1(?F9}QSd,Bigender
864,Rozalie,Paulusch,rpauluschnz,rpauluschnz@comcast.net,wJ1/FKBWG<l(zOQ,Female
865,Hugues,Pargent,hpargento0,hpargento0@skyrock.com,"rE9{""wg""Bbz",Male
866,Kippar,Zeale,kzealeo1,kzealeo1@mac.com,oX3/1(3ZERd%,Male
867,Osborn,Trase,otraseo2,otraseo2@typepad.com,sK3@75B_+@,Genderqueer
868,Hertha,Pallent,hpallento3,hpallento3@hibu.com,tZ9{4P&RN,Female
869,Gunther,Grafhom,ggrafhomo4,ggrafhomo4@patch.com,qD8<CfH0!VS},Male
870,Vassily,Ofield,vofieldo5,vofieldo5@dell.com,nA0{<H2SC$sO,Male
871,Kyle,Elliker,kellikero6,kellikero6@sakura.ne.jp,rG8#nD1zJnI,Genderfluid
872,Mirabella,Nancekivell,mnancekivello7,mnancekivello7@macromedia.com,rX0{UdoILK,Female
873,Nikolia,Boram,nboramo8,nboramo8@creativecommons.org,cT4\(ua&+v1z3w,Female
874,Jedediah,Dake,jdakeo9,jdakeo9@buzzfeed.com,mG8|CN%ZUMN%4@@3,Male
875,Halli,Brooking,hbrookingoa,hbrookingoa@examiner.com,mV3=tzYZIek9n,Female
876,Danica,Ragsdall,dragsdallob,dragsdallob@addthis.com,"mZ2,BNgs}}H!c~*",Female
877,Benjy,Serjent,bserjentoc,bserjentoc@weebly.com,nA2<_)Moq$!e,Male
878,Lanie,Hawtry,lhawtryod,lhawtryod@scientificamerican.com,"fU2,<""L+",Female
879,Tabbitha,Quin,tquinoe,tquinoe@bloglovin.com,"iW4~bq<""4",Female
880,Lawry,Crepel,lcrepelof,lcrepelof@prlog.org,"rW6,%v=?_",Male
881,Murielle,O'Sheeryne,mosheeryneog,mosheeryneog@t.co,"mY0'z4MK_~,",Female
882,Amandi,Redihalgh,aredihalghoh,aredihalghoh@xinhuanet.com,fU9~I|TqWqml?,Female
883,Burtie,Friday,bfridayoi,bfridayoi@delicious.com,"tM5,R9=l<'",Genderqueer
884,Duffie,Possek,dpossekoj,dpossekoj@g.co,bH9>+e1WQ,Male
885,Robinson,Mosedale,rmosedaleok,rmosedaleok@narod.ru,"jR7@Uu,ld0ka",Male
886,Antonino,Kinsella,akinsellaol,akinsellaol@stanford.edu,"tI1~Qh,eu",Male
887,Naoma,Overnell,novernellom,novernellom@desdev.cn,uA6?E7IBK&ecy5'W,Female
888,Ford,Carpenter,fcarpenteron,fcarpenteron@answers.com,oT1?qxG{8_+,Male
889,Flo,Lawn,flawnoo,flawnoo@huffingtonpost.com,zD9(qJ_7MW/05,Female
890,Des,O'Bradden,dobraddenop,dobraddenop@google.es,wY5*%F_WY8XvmAHi,Male
891,Almeria,Gethouse,agethouseoq,agethouseoq@eventbrite.com,lR3>|ez&BRaO,Female
892,Nell,Hollingdale,nhollingdaleor,nhollingdaleor@sina.com.cn,"yP4,n_5/+=",Female
893,Jaime,Jurkiewicz,jjurkiewiczos,jjurkiewiczos@bloomberg.com,uE4/olfUt,Male
894,Thaddus,Spurnier,tspurnierot,tspurnierot@amazon.co.jp,aQ9|_fuS,Male
895,Xymenes,Jillings,xjillingsou,xjillingsou@umn.edu,hW2=KB`gHjT<<+!?,Male
896,Charissa,Eberlein,ceberleinov,ceberleinov@fastcompany.com,oB9{\Zvqx)+S5,Female
897,Fiann,Immer,fimmerow,fimmerow@mtv.com,yI6!OnD<V=C%,Female
898,Christen,Anfrey,canfreyox,canfreyox@imgur.com,"sE0,KYlaB{",Female
899,Alwin,Imorts,aimortsoy,aimortsoy@parallels.com,qY6?ch@+TuaQt~a,Male
900,Rafaello,Klimshuk,rklimshukoz,rklimshukoz@shop-pro.jp,tJ2'xAFIU3lISw,Male
901,Hebert,Spriggin,hsprigginp0,hsprigginp0@cbsnews.com,kJ7\KR2b#+`,Male
902,Morgun,Pill,mpillp1,mpillp1@discuz.net,iN2<lr'K7t$%*kp!,Male
903,Karyl,Gedge,kgedgep2,kgedgep2@census.gov,uR2)&5`#E\!rhjq,Female
904,Faith,McFarlane,fmcfarlanep3,fmcfarlanep3@alexa.com,vH3>wWFWx,Female
905,Alberta,Harley,aharleyp4,aharleyp4@apache.org,eF1@`Sm`T,Female
906,Court,Tommasetti,ctommasettip5,ctommasettip5@abc.net.au,"oT7,ffnR2wbql""o",Male
907,Cyndy,Colville,ccolvillep6,ccolvillep6@msu.edu,qH6`!!Zwn,Female
908,Albie,Harroll,aharrollp7,aharrollp7@infoseek.co.jp,zI6_oUI<3A({,Male
909,Indira,Janaud,ijanaudp8,ijanaudp8@rakuten.co.jp,qK1&#N9Eg4v6W9,Female
910,Berte,Burkinshaw,bburkinshawp9,bburkinshawp9@eepurl.com,tE9%&+Q1Rv,Female
911,Janifer,Deniso,jdenisopa,jdenisopa@gravatar.com,yG4@6k<&e/,Female
912,Rebekkah,Meggison,rmeggisonpb,rmeggisonpb@google.pl,"qE8&{8U`8wC,t",Female
913,Lotty,Eisikovitsh,leisikovitshpc,leisikovitshpc@prlog.org,"lS7'w5AY""x",Female
914,Reube,Guitt,rguittpd,rguittpd@dedecms.com,lN8)Ab4`,Male
915,Esme,Siggs,esiggspe,esiggspe@skype.com,oZ2_4kzSZdb=),Female
916,Samaria,Rogeon,srogeonpf,srogeonpf@apache.org,"uY0>kv*Yjd""r(",Female
917,De witt,Ecob,decobpg,decobpg@wp.com,dC3!rfd5g\SG`hL$,Male
918,Monah,Fevier,mfevierph,mfevierph@merriam-webster.com,bW6&&H2S8,Female
919,Aundrea,Oatley,aoatleypi,aoatleypi@opensource.org,rR6=P*9Me,Female
920,Adelle,Fern,afernpj,afernpj@histats.com,oM0@j*yC,Female
921,Teena,Forlong,tforlongpk,tforlongpk@squarespace.com,qM8>46m_RZ,Female
922,Saree,Cromer,scromerpl,scromerpl@imdb.com,"vZ8(""7>E'5R",Female
923,Sullivan,Bows,sbowspm,sbowspm@constantcontact.com,wH7(1pl%X,Male
924,Viva,Costello,vcostellopn,vcostellopn@sun.com,xR2%R&xUMU&uRif,Female
925,Burlie,Sievewright,bsievewrightpo,bsievewrightpo@weebly.com,kO5@FnoV6,Male
926,Greer,Rings,gringspp,gringspp@angelfire.com,hE5>hAIkgAZ*{8,Female
927,Bail,Aingel,baingelpq,baingelpq@phpbb.com,cH4?J0\y<,Male
928,Jesse,Karran,jkarranpr,jkarranpr@homestead.com,eA4(z`kih)=&,Female
929,Phelia,Ginnane,pginnaneps,pginnaneps@goo.gl,zN5}\5eF7o<,Female
930,Dara,Getch,dgetchpt,dgetchpt@china.com.cn,"cV4""Ac(>D$vP7}",Female
931,Fedora,Bettington,fbettingtonpu,fbettingtonpu@stumbleupon.com,fD6`UttcsZ@o_X,Bigender
932,Hyacinthie,Corpe,hcorpepv,hcorpepv@nhs.uk,jR4+{1\v?~Qe',Female
933,Ortensia,Philpin,ophilpinpw,ophilpinpw@surveymonkey.com,"tZ0,@w+tm",Female
934,Terza,Perell,tperellpx,tperellpx@nih.gov,sL4{`uT@no~<{X,Genderfluid
935,Terri-jo,Donne,tdonnepy,tdonnepy@freewebs.com,"tH2,|yrB{2",Female
936,Rey,McCosker,rmccoskerpz,rmccoskerpz@51.la,sM0#p!hi_,Female
937,Nadya,Averies,naveriesq0,naveriesq0@imageshack.us,sP1&xbr<}'w#Q=j,Female
938,Roth,Attyeo,rattyeoq1,rattyeoq1@naver.com,"bH4_s""3e2?0p{Xoy",Male
939,Wynne,Pankettman,wpankettmanq2,wpankettmanq2@reverbnation.com,uA2>&iWW,Female
940,Julina,Eastlake,jeastlakeq3,jeastlakeq3@google.ru,aC2)lbrOn,Female
941,Zared,D'eye,zdeyeq4,zdeyeq4@alibaba.com,"lN8.x7Tn,Z",Male
942,Lock,Greep,lgreepq5,lgreepq5@mysql.com,xT8<)kgifM'_A@cX,Male
943,Karlens,Eddisforth,keddisforthq6,keddisforthq6@histats.com,tB2&M9k+t#)Wq,Male
944,Lorin,Brisland,lbrislandq7,lbrislandq7@clickbank.net,"lB6\>X&V(,!Cj",Male
945,Julienne,Charlton,jcharltonq8,jcharltonq8@simplemachines.org,kW1~+={WYOCH,Female
946,Andre,Duffrie,aduffrieq9,aduffrieq9@cnbc.com,"eU2""Z6cb()r",Male
947,Wyatt,Kinde,wkindeqa,wkindeqa@wikia.com,"sT5@""qXok",Male
948,Randee,Waycot,rwaycotqb,rwaycotqb@amazon.de,fE8>PhTl@,Female
949,Vittorio,Olivetta,volivettaqc,volivettaqc@netvibes.com,zX3).`M=RwKP,Genderqueer
950,Susannah,Bouette,sbouetteqd,sbouetteqd@newyorker.com,"xS7\%}""L1v38bYf",Female
951,Charil,Shillinglaw,cshillinglawqe,cshillinglawqe@chron.com,"fF6`""u&1*S",Female
952,Isidore,Nanuccioi,inanuccioiqf,inanuccioiqf@amazon.de,aR0=2Ck\(Dwi7NV,Male
953,Jobye,Iddy,jiddyqg,jiddyqg@ft.com,"rZ9.mn""QWj6('kn",Female
954,Lilllie,Fields,lfieldsqh,lfieldsqh@boston.com,"rD9<QJE,'QD",Female
955,Morty,Lahiff,mlahiffqi,mlahiffqi@sbwire.com,eT5)Z+{jAU*1KH#W,Genderqueer
956,Elwira,Neal,enealqj,enealqj@themeforest.net,tN3((=y`oVo*H2Iu,Female
957,Coreen,Tringham,ctringhamqk,ctringhamqk@4shared.com,jV7#2!VA=`M<}x,Female
958,Shirl,McGaffey,smcgaffeyql,smcgaffeyql@timesonline.co.uk,bG8|b#m!wKvq95Sf,Female
959,Isabeau,Bertelmot,ibertelmotqm,ibertelmotqm@plala.or.jp,lH8|E%v#RF4L{1,Agender
960,Kippie,Reeme,kreemeqn,kreemeqn@diigo.com,"yL0""s$Dae_|nS",Male
961,Sansone,Batho,sbathoqo,sbathoqo@reverbnation.com,tQ9?fEefQz%Xi,Male
962,Derrick,Tompsett,dtompsettqp,dtompsettqp@unc.edu,rA6#~}+`p/@K,Male
963,Nolie,Giovannini,ngiovanniniqq,ngiovanniniqq@tamu.edu,oL8>HK@lb@H?&,Female
964,Karoline,Widd,kwiddqr,kwiddqr@sbwire.com,sU7&>LT@,Female
965,Tova,Beyn,tbeynqs,tbeynqs@sciencedirect.com,sO0!h%p@,Female
966,Bentlee,Dreghorn,bdreghornqt,bdreghornqt@earthlink.net,aJ2!`Cio,Male
967,Merell,Curtoys,mcurtoysqu,mcurtoysqu@businessweek.com,jN0`EDVBA)jqu0hs,Male
968,Romonda,Fanthome,rfanthomeqv,rfanthomeqv@nationalgeographic.com,fC8@$K'X4,Female
969,Britta,Garci,bgarciqw,bgarciqw@buzzfeed.com,mP3|.kri,Genderqueer
970,Emery,Booi,ebooiqx,ebooiqx@stanford.edu,"lZ3$D=gvz~k=l4,",Male
971,Roman,Skeeles,rskeelesqy,rskeelesqy@simplemachines.org,mH2*i_aA`#9,Non-binary
972,Danny,Munson,dmunsonqz,dmunsonqz@jimdo.com,zT2+JzTz,Genderfluid
973,Kaiser,Mattis,kmattisr0,kmattisr0@mozilla.com,cN2><.znj<Vbo,Male
974,Linc,Covolini,lcovolinir1,lcovolinir1@whitehouse.gov,zF4.Oz7|DG,Male
975,Jone,Haxby,jhaxbyr2,jhaxbyr2@cam.ac.uk,nG6}6@3?p,Male
976,Pierette,MacAlinden,pmacalindenr3,pmacalindenr3@wordpress.com,jB2%zhZ|b0bSx1p,Female
977,Giulia,Perell,gperellr4,gperellr4@tmall.com,gB8(r?%)`\,Female
978,Uri,MacGarrity,umacgarrityr5,umacgarrityr5@china.com.cn,yK8{4g6<1YbI<>ec,Male
979,Cordula,Bowe,cbower6,cbower6@army.mil,uY5\Do6mPjV,Female
980,Milli,Causey,mcauseyr7,mcauseyr7@gizmodo.com,sD2~`<MBDr,Female
981,Whit,Welford,wwelfordr8,wwelfordr8@sourceforge.net,hT3.?/lkcHjDA}y@,Male
982,Adaline,Tirone,atironer9,atironer9@booking.com,mY6+=8(x{cU<~eB,Female
983,Tawnya,Outright,toutrightra,toutrightra@scientificamerican.com,mD0)Lo*\{p9SE,Female
984,Dorena,Stubbley,dstubbleyrb,dstubbleyrb@icio.us,lG0\y2lEY~t(,Female
985,Madelene,Cosford,mcosfordrc,mcosfordrc@china.com.cn,hJ4}O%\+mEV,Agender
986,Purcell,Henmarsh,phenmarshrd,phenmarshrd@jugem.jp,mT7_Hp6y>U~,Male
987,Bren,Byers,bbyersre,bbyersre@webnode.com,qD4<wBb>'vV2CQ,Female
988,Ilyse,Martini,imartinirf,imartinirf@opera.com,kG0!WK2ME,Female
989,Lyman,Perryn,lperrynrg,lperrynrg@bravesites.com,oF6@1?9O$jx~O,Male
990,Marjy,Tyson,mtysonrh,mtysonrh@salon.com,"mW9""~<`s7",Female
991,Ethe,Valenta,evalentari,evalentari@rakuten.co.jp,yP5>2UZ0U0,Male
992,Clay,Turfin,cturfinrj,cturfinrj@abc.net.au,"oM7,#_6\?RzIjojo",Male
993,Georgeanna,Cradduck,gcradduckrk,gcradduckrk@skyrock.com,lL2_7>+r,Female
994,Melinde,Halfacree,mhalfacreerl,mhalfacreerl@flavors.me,"tJ5""G7lf.0ce0{",Female
995,Hewie,Hanlin,hhanlinrm,hhanlinrm@blog.com,zM3%\Ek6*Wrp,Male
996,Morganne,Bosdet,mbosdetrn,mbosdetrn@prlog.org,"jN5""!JRkgYZ*j",Female
997,Aurore,Veall,aveallro,aveallro@answers.com,mQ6@$BxA,Female
998,Johan,Brakewell,jbrakewellrp,jbrakewellrp@arstechnica.com,"tA2.BEOu+""+'.7k",Male
999,Ashlee,Discombe,adiscomberq,adiscomberq@exblog.jp,hU0{zCk3i.,Bigender
1000,Benjamin,Eastabrook,beastabrookrr,beastabrookrr@goo.ne.jp,uP9~P>5Zxo!j+,Male
